NO,名　　　　称,緯度,経度,所在地,面積（㎡）,面積（ha）,一時緊急　　　避難地,ブランコ _2連 ,ブランコ_3連,ブランコ_4連,スベリ台,低鉄棒_１連,低鉄棒_２連,低鉄棒_３連,低鉄棒_４連,低鉄棒_５連,シーソー,ジャングルジム,複合遊具_鋼製,砂場,ラダー,健康遊具,ﾌﾟﾚｲｽｶﾙﾌﾟﾁｬｰ,便所,水飲,ベンチ,四阿・ｼｪﾙﾀｰ,駐車場有料施設専用,駐車場,桜_ソメイヨシノ,桜_オオシマザクラ,桜_カンヒザクラ,桜_シダレザクラ,桜_カワズザクラ　,桜_ヤマザクラ,桜_その他,桜_合計,桜_その他品種,景色の良い公園
1,あおぞらひろば,34.80317213,135.7271898,尊延寺3丁目1-47,"1,343.39",0.134,,,,,,,,,,,,,1,,,,,,,,,,,0,0,0,0,0,0,1,1,エドヒガンザクラ,
2,あかね丘公園,34.8008958,135.6331999,北中振１丁目1,548.17,0.055,,,,1,1,,,1,,,,,,1,,,1,,1,7,1,,,,,,,,,,,,
3,旭ヶ丘中央公園,34.77635257,135.6529001,東香里南町地内,"1,930.77",0.193,,1,,,1,,,,,,,,,1,,,,,1,2,,,,1,0,0,0,0,0,0,1,,
4,旭ヶ丘西公園,34.77780792,135.6507224,東香里南町地内,"1,886.19",0.189,,1,,,1,,,,,,,,,1,,,,,1,6,,,,6,0,0,0,0,0,0,6,,
5,旭ヶ丘東公園,34.77616526,135.655468,東香里南町地内,842.63,0.084,,,,1,1,,,1,,,,,,1,,,,,,5,,,,,,,,,,,,,
6,あんご公園,34.80975156,135.6529164,東田宮１丁目地内,"2,743.14",0.274,,,,,,,,,,,,,1,1,,,,,1,14,,,,8,0,8,0,0,0,0,16,,
7,伊加賀栄公園,34.80588501,135.6353846,伊加賀栄町地内,"2,825.96",0.283,,1,,,1,,,,,,,,,1,,,,1,,8,1,,,1,0,0,0,0,0,0,1,,
8,伊加賀山公園,34.79784152,135.6457699,香里ヶ丘５丁目地内,"4,433.82",0.443,,,1,,1,,,,,,1,,,,,,,,,3,,,,28,0,0,0,0,0,0,28,,
9,伊加賀公園,34.81138525,135.6376873,堤町地内,948.36,0.095,,1,,,1,,,,,1,,1,,,,,,,1,4,,,,14,0,0,0,0,0,2,16,,
10,池之宮西公園,34.81156769,135.6706329,池之宮２丁目地内,829.02,0.083,,1,,,1,,1,,,,,,,1,,,,,1,2,,,,1,0,0,0,0,0,0,1,,
11,以楽公園,34.79620283,135.6484142,香里ヶ丘６丁目地内,"8,047.64",0.805,,,,,,,,,,,,,,,,,,,,6,,,,32,0,0,0,0,0,0,32,サトザクラ,
12,印田町ふれあい公園,34.80460249,135.6675873,印田町地内,"5,700.00",0.57,,,,,,,1,,,,,,1,,,4,2,1,1,13,1,,,4,0,1,0,0,0,0,5,,
13,うしろ谷公園,34.84957671,135.7023107,高野道２丁目地内,"2,962.81",0.296,,,,1,1,,,1,,,,1,,1,,,,,1,8,,,,0,0,0,0,0,0,15,15,ヤエザクラ,
14,宇山東公園,34.84314796,135.672897,宇山東町地内,"2,417.60",0.242,,,,,,,,,,,,,1,1,,,,,1,10,1,,,0,0,0,0,0,9,0,9,,
15,岡東中央公園,34.8149243,135.6500978,岡　東町地内,"4,932.78",0.493,,,1,,,,,,,,,,1,1,,2,,1,1,6,1,,,0,0,0,1,0,0,1,2,アマノガワ,
16,岡東公園,34.81422319,135.6473807,岡　東町地内,"1,907.37",0.191,,1,,,1,,,,,,,,,1,,,,,1,4,,,,3,0,0,0,0,0,0,3,,
17,岡本町公園,34.81503975,135.6466252,岡　本町地内,"1,060.04",0.106,,,,,,,,,,,,,1,1,,,,,1,12,,,,,,,,,,,,,
18,小倉東公園,34.83549387,135.669184,小倉東町地内,557.49,0.056,,1,,,1,,,1,,,1,,,1,,,,,,2,,,,2,0,0,0,0,0,0,2,,
19,御茶屋御殿跡展望広場,34.81379284,135.6426304,枚方元町地内,"1,980.00",0.198,,,,,,,,,,,,,,,,,,,1,6,1,,,0,0,0,4,0,7,0,11,,○
20,開成公園,34.79206188,135.6565579,香里ヶ丘２丁目地内,"3,561.00",0.356,,,,,,,,,,,,,,,,,,,1,12,,,,0,0,0,0,0,0,27,27,ヤエザクラ,
21,甲斐田公園,34.82832211,135.6716003,片鉾本町地内,"1,150.03",0.115,,1,,,1,,,,,,,1,,,,,,,1,2,,,,3,0,0,0,0,0,0,3,,
22,風見の丘公園,34.80469931,135.7067307,津田山手１丁目地内,"2,501.66",0.25,,,,,,,,,,,,,,1,,,,,1,4,1,,,9,0,0,0,0,0,0,9,,
23,春日野公園,34.80925367,135.6897852,高田町２丁目地内,693.41,0.069,,,,,,,,,,,,,,,,,,,1,3,1,,,7,0,0,0,0,0,0,7,,
24,春日元町公園,34.80263659,135.6881298,春日野２丁目地内,"2,569.12",0.257,,,,1,1,,,1,,,,,2,1,,1,,,1,5,2,,,9,0,0,0,0,0,0,9,,
25,春日公園,34.78041053,135.6601077,春日元町１丁目地内,"3,436.39",0.344,,,,,1,,,,,,,,2,,,,,,1,8,,,,32,0,0,0,0,0,0,32,,
26,片鉾東公園,34.83427296,135.6765658,片鉾東町地内,884.49,0.088,,1,,,1,,1,,,,,,,,,,,,1,6,,,,1,0,0,0,0,0,0,1,,
27,金崎公園,34.85725616,135.6876175,楠葉朝日１丁目地内,"1,024.71",0.102,,1,,,1,,,,,,,,,1,,,,,1,4,,,,,,,,,,,,,
28,釜ヶ谷公園,34.82767356,135.719349,長尾東町２丁目地内,858.29,0.086,,,,1,1,,,,,,1,,,1,,,,,,5,,,,3,0,0,0,0,0,0,3,,
29,上島北公園,34.85055267,135.668434,牧野北町地内,924.11,0.092,,,,,,,,,1,1,,,,,,,,,,8,,,,2,0,0,0,0,0,0,2,,
30,上島町公園,34.84772669,135.668336,上島町地内,772.18,0.077,,,,,,,,,,,,,1,1,,,,,1,10,,,,,,,,,,,,,
31,上島東公園,34.84951362,135.6678391,牧野北町地内,"2,328.62",0.233,,1,,,1,,,,,,1,1,,1,,,,,,31,,,,3,0,0,0,0,0,0,3,,
32,上島南公園,34.84807492,135.6650949,牧野北町地内,"2,839.54",0.284,,,,1,1,,,1,,,1,1,,1,,,,,1,16,,,,64,0,10,0,0,0,0,74,,
33,上之町公園,34.80824725,135.6435501,枚方上之町地内,559.93,0.056,,,,,,,,,,,,,,1,,,,,1,19,,,,2,0,0,0,0,0,0,2,,
34,観月公園,34.78633738,135.6478115,香里ヶ丘１０丁目地内,"6,307.57",0.631,,,,,,,,,,,,,,,,,,,,,,,,9,0,19,0,0,0,0,28,,
35,観音山公園,34.78889273,135.6532805,香里ヶ丘４丁目地内,"7,899.21",0.79,,,,,,,,,,,,,,,,3,,,,11,,,,101,0,0,0,0,0,0,101,ヤエザクラ,
36,菊丘東公園,34.80500119,135.6445118,菊丘町地内,953.76,0.095,,,,1,1,,,,,,,1,,1,,,3,,1,7,,,,16,0,0,0,0,0,0,16,,
37,菊丘南公園,34.79903228,135.6449834,菊丘町地内,970.12,0.097,,1,,,1,,1,,,,,,,1,,,2,,1,7,,,,24,0,0,0,0,0,0,24,,
38,菊丘公園,34.80503675,135.6421191,菊丘南町地内,751.5,0.075,,,,1,,,,,,,1,,,1,,,1,,,8,,,,,,,,,,,,,
39,北楠葉公園,34.870496,135.6841328,北楠葉町地内,722.65,0.072,,1,,,1,,,1,,,,,,1,,,,,1,4,,,,,,,,,,,,,
40,北谷川西公園,34.82389446,135.6968748,長尾谷町3丁目地内,"1,014.42",0.101,,,,,1,,,1,,,,,,1,,,1,,,4,,,,,,,,,,,,,
41,北谷川公園,34.82330656,135.6998255,山田池東町地内,"2,805.10",0.281,,1,,,1,,,,,,,1,,,,,,,1,,,,,0,0,0,0,0,0,0,0,,
42,北谷公園,34.79501403,135.6474448,香里ヶ丘７丁目地内,"4,302.33",0.43,,,,,,,,,,,,,,,,,,,,5,,,,5,0,0,0,0,0,0,5,,
43,北山中央公園,34.84104839,135.7023279,北山１丁目地内,"2,549.79",0.255,,,,,,,,,,,,,1,1,,,,,1,8,1,,,0,0,0,0,0,1,0,1,,
44,北山南公園,34.83734722,135.6996198,北山１丁目地内,"2,500.24",0.25,,,,,2,,,,,,,,,,,,,,1,1,1,,,0,0,0,0,0,0,5,5,,
45,北山公園,34.84495691,135.7029991,北山１丁目地内,"20,103.74",2.01,○,1,,,1,,,,,,,,1,1,,,,1,3,16,,,,27,0,0,0,0,0,0,27,ﾔｴｱｹﾎﾞﾉ・ﾊｸｻﾝｵｵﾃﾞﾏﾘ,
46,禁野車塚公園,34.81087654,135.656891,宮之阪５丁目地内,"5,830.95",0.583,,,,,,,,,,,,,1,1,,,,,,4,1,,,,,,,,,,,,
47,禁野本町遺跡公園,34.82163761,135.6606988,中宮北町地内,500.15,0.05,,,,,,,,,,,,,,,,,,,1,,,,,,,,,,,,,,
48,九頭神廃寺跡公園（西）,34.83940176,135.6727707,牧野本町地内,"1,154.90",0.115,,,,,,,,,,,,,1,,,2,,,,2,1,,,0,0,2,1,0,0,0,3,,
49,楠葉中央公園,34.85941359,135.6807459,楠葉並木２丁目地内,"10,717.03",1.072,○,1,,,,,,,,,,,,1,,,,1,1,49,,,,53,0,0,0,0,0,3,56,ﾔｴｻﾞｸﾗ・ﾊｸｻﾝｵｵﾃﾞﾏﾚ,
50,楠葉中町西公園,34.86915472,135.6800425,楠葉中町地内,842.39,0.084,,1,,,1,,,,,,1,,,1,,,,,1,3,,,,,,,,,,,,,
51,楠葉中町東公園,34.86802615,135.6828279,楠葉中町地内,601.93,0.06,,1,,,,,,,,,1,,,1,,,,,1,3,,,,3,0,0,0,0,0,0,3,,
52,楠葉東公園,34.86072875,135.6918169,楠葉朝日３丁目地内,"26,716.87",2.672,○,,,1,2,,,,,,1,,,1,1,,3,1,2,38,,,,98,0,1,2,0,0,2,103,ヤエザクラ,
53,百済寺跡公園,34.81569279,135.6607627,中宮西之町地内,"21,514.35",2.151,○,1,,,1,,1,,,,1,,,,1,,,1,1,11,,,,28,0,0,0,0,0,0,28,,
54,くにみの丘公園,34.80780408,135.7099953,津田山手１丁目地内,"13,631.44",1.363,○,,,,,,,,,,,,1,,,,,1,1,7,1,,,12,0,0,0,0,0,7,19,サトザクラ,○
55,車谷公園,34.84486006,135.7090602,長尾家具町２丁目地内,"5,537.17",0.554,,,,1,,,,,,,,,2,1,,,,1,1,3,,,,31,0,0,0,0,0,0,31,,
56,車塚公園,34.8335464,135.6690309,車塚1丁目・2丁目地内,"50,164.51",5.016,○,,,,1,,,,,,,,,1,,9,,1,2,25,2,,3,27,15,3,8,28,0,1,82,淡墨桜,
57,桑ヶ谷公園,34.79585598,135.6594299,香里ヶ丘１丁目地内,"12,066.89",1.207,○,,,,,,,,,,,,,,,,,,,2,,,,5,0,0,0,0,0,0,5,,
58,けやき坂公園,34.82529551,135.7019713,長尾谷町２丁目地内,"1,860.03",0.186,,,,1,1,,,,,,,,,1,,,1,,1,6,,,,0,0,0,0,0,10,0,10,,
59,甲須公園,34.82079531,135.6760639,甲斐田新町地内,"2,674.08",0.267,,,,,1,,,,,,,1,,1,,,,,1,5,2,,,4,0,0,0,0,0,0,4,,
60,交北北公園,34.83045842,135.682009,交北３丁目地内,733.44,0.073,,,,,1,,,,,,,,,,,,,,1,5,,,,,,,,,,,,,
61,交北公園,34.8285473,135.6812548,交北４丁目地内,"31,746.00",3.175,○,,,,2,,,,,,,,2,2,,7,,1,1,52,3,,,49,0,0,2,0,9,0,60,,○
62,高野道東公園,34.84713223,135.6991303,高野道２丁目地内,999,0.1,,1,,,1,,,1,,,,,,,,,2,,1,4,,,,3,0,0,0,0,0,0,3,,
63,高野道南公園,34.84846889,135.6992095,高野道２丁目地内,"2,039.18",0.204,,1,,,2,,1,,,,,2,,1,,,,1,2,13,,,,,,,,,,,,,
64,高野道公園,34.8508206,135.7018691,高野道２丁目地内,579.65,0.058,,,,,1,,,1,,,,,,1,,,,,1,2,,,,0,0,0,0,0,0,6,6,ヤエザクラ,
65,香陽北公園,34.78756643,135.653107,香里ヶ丘１１丁目地内,"1,125.48",0.113,,,,,1,,,1,,,,1,,1,,,,,,3,,,,,,,,,,,,,
66,香陽公園,34.78599648,135.6513289,香里ヶ丘１１丁目地内,784.28,0.078,,,,,1,,,1,,,,1,,1,,,,,,4,,,,3,0,0,0,0,0,0,3,,
67,香里ヶ丘中央公園,34.79140629,135.6522528,香里ヶ丘４丁目地内,"26,192.00",2.619,○,,,,1,,,,,,,,,1,,,,1,1,27,1,1,,48,0,0,0,0,0,0,48,ｴﾄﾞﾋｶﾞﾝ・ﾊｸｻﾝｵｵﾃﾞﾏﾘ,
68,香里ヶ丘西公園,34.79306705,135.6463783,香里ヶ丘７丁目地内,"9,495.39",0.95,,1,,1,1,,,1,,,,,,1,1,,,,1,9,,,,20,0,0,0,0,0,0,20,,
69,香里ヶ丘東公園,34.79070928,135.6572884,香里ヶ丘３丁目地内,"11,408.22",1.141,○,,,,,,,1,,,,,,,,,,,,4,,,,16,0,0,0,0,0,0,16,ｺｳﾖｳ・ﾊｸｻﾝｵｵﾃﾞﾏﾘ,
70,香里ヶ丘南公園,34.7860374,135.6453645,香里ヶ丘１０丁目地内,"19,830.50",1.983,,,,1,1,,,1,,,1,1,,,,,,,1,4,,,,53,0,0,0,0,0,0,53,,
71,香里の森公園,34.7890981,135.6375818,香里園山之手町地内,"5,190.81",0.519,,1,,,1,,1,,,,,,,1,,,,1,2,8,2,,,25,0,0,0,0,0,0,25,,
72,香里ヒルズ北公園,34.79756719,135.636241,東中振２丁目地内,"1,257.67",0.126,,,,,1,,,,,,,1,,1,,,,,1,4,,,,,,,,,,,,,
73,香里ヒルズ中央公園,34.79466593,135.6402977,東中振２丁目地内,"2,068.61",0.207,,,,1,1,,,1,,,,,,1,,,,,1,6,1,,,,,,,,,,,,
74,五常公園,34.79855533,135.6464949,香里ヶ丘６丁目,"3,097.60",0.31,,,,,1,,,1,,,,,1,1,,,,,1,5,,,,9,0,0,0,0,0,0,9,,
75,御殿山公園,34.82943287,135.6565378,渚本町,702.7,0.07,,,,1,1,,,,,,,,,1,,,,,1,3,,,,10,0,0,0,0,0,0,10,,
76,阪今池公園,34.83978437,135.6646785,黄金野１丁目,"18,854.47",1.885,○,,,,1,,,,,,,,1,1,,,,1,1,16,,,,15,0,0,0,0,0,0,15,,
77,桜丘公園,34.8057919,135.6682901,桜丘町,635.53,0.064,,,,,1,,,,,,,,,1,,,,,1,3,1,,,3,0,0,0,0,4,0,7,,
78,桜公園,34.79434208,135.6536442,香里ヶ丘２丁目,"6,414.12",0.641,,,,,,,1,,,,,1,1,1,,,,,1,10,4,,,56,0,0,0,0,0,0,56,,
79,笹谷公園,34.84139938,135.7083187,長尾家具町２丁目,"6,360.82",0.636,,1,,,1,,,,,,1,1,,1,,,,1,1,7,,,,7,0,0,0,0,4,0,11,,
80,さだ山公園,34.79091432,135.6438264,香里ヶ丘８丁目,"4,137.83",0.414,,,,1,1,,,1,,,,1,,1,,,,,1,10,,,,5,0,0,2,0,0,0,7,,
81,さつき丘北公園,34.80355485,135.6479253,山之上西町,"3,056.78",0.306,,,,1,1,,,,,,1,1,,1,,,,,1,7,,,,22,0,0,0,0,0,0,22,ヤエザクラ,
82,さつき丘中央公園,34.80176061,135.6485058,山之上西町,"1,104.97",0.11,,,1,,1,,,,,,,,,1,,,,,1,7,,,,1,0,0,0,0,0,0,1,,
83,さつき丘南公園,34.80006351,135.6472115,山之上西町５丁目,"1,511.50",0.151,,,,,,,,,,,,,1,1,,,,,1,5,,,,9,0,0,0,0,0,0,9,,
84,獅子口公園,34.83659713,135.706208,長尾家具町４丁目,"3,346.51",0.335,,,,1,1,,,,,,,1,,1,,,2,1,1,4,,,,9,0,0,0,0,0,0,9,,
85,市民の森,34.8654391,135.6898442,楠葉丘２丁目,"28,315.00",2.832,○,,,,,,1,,,,,,1,1,,,,2,1,17,1,,2,50,1,0,0,0,0,3,54,"サトザクラ,アウズミ桜",
86,下田公園,34.85695536,135.6800293,楠葉並木１丁目,"1,038.10",0.104,,1,,,,,,,,,,,,1,,,,1,,2,,,,2,0,0,0,0,0,0,2,,
87,神社公園,34.86709112,135.6896299,楠葉丘２丁目,"1,127.47",0.113,,,,,,,,,,,,,,,,,,1,,3,,,,17,0,0,0,0,0,0,17,,
88,翠香園ふれあい公園,34.79981071,135.6367234,翠香園町,"6,809.94",0.681,,1,,,1,,1,,,,,,1,1,1,1,,1,2,14,2,,,12,0,0,0,0,0,1,13,,
89,スーパーバンク伊加賀公園,34.80742762,135.6241999,伊加賀西町,"1,640.00",0.164,,,,,,,,,,,,,,,,,,,1,2,,,,,,,,,,,,,
90,末広公園,34.79405582,135.6442479,香里ヶ丘８丁目,"2,860.69",0.286,,1,,,1,,,,,,,1,,1,,,,,1,2,,,,2,0,4,0,0,0,3,9,ﾊｸｻﾝｵｵﾃﾞﾏﾘ,
91,杉山手北公園,34.8163286,135.7243308,杉山手３丁目,807.96,0.081,,1,,,1,,,,,,1,,,,,,,,,12,,,,2,0,0,0,0,0,0,2,,
92,杉山手中央公園,34.81548027,135.7230984,杉山手３丁目８９８－７,"1,406.66",0.141,,,,,,,1,,,,,,1,,,,,,1,3,,,,,,,,,,,,,
93,杉山手西公園,34.81884722,135.7219993,杉山手１丁目,944.31,0.094,,1,,,1,,,,,,,,,1,1,,,,1,3,,,,,,,,,,,,,
94,杉山手南公園,34.81460602,135.7224329,杉山手３丁目,"1,500.00",0.15,,,,1,1,,,,,,,1,,1,1,,,,1,11,,,,4,0,0,0,0,0,0,4,,
95,須山中央公園,34.82151374,135.67175,須山町５５,909.78,0.091,,,,1,1,,,,,,,,,1,,,,,1,5,,,,14,0,0,0,0,0,0,14,,
96,須山公園,34.82152014,135.6717505,須山町１８,1.201.22,0.12,,2,,,1,,,1,,,,1,,,1,,,,1,5,,,,0,0,0,0,1,0,0,1,,
97,創造の森,34.79046992,135.6370984,香里園山之手町,"4,584.11",0.458,,,,,,,,,,,,,,,,,,,,2,,,,10,0,0,1,0,0,0,11,,
98,宗谷公園,34.79770293,135.7369251,宗谷２丁目,"1,141.75",0.114,,,,,1,,1,,,,,,,1,,,1,,1,9,,,,,,,,,,,,,
99,宗谷穂谷防災公園,34.79588538,135.7347132,宗谷２丁目２６番,464.18,0.046,,,,,,,,,,,,,,,,,,,,,,,,,,,,,,,,,○
100,尊延寺公園,34.80011737,135.7281665,尊延寺５丁目,935.63,0.094,,1,,,1,,1,,,,,,,1,,,,,1,13,1,,,,,,,,,,,,
101,空見の丘公園,34.80397124,135.7118159,津田山手町,"10,400.06",1.04,○,,,,,,,,,,,,,,,,,,1,6,2,,,8,12,0,0,0,16,1,37,,○
102,代々池公園,34.80927752,135.6941401,野村中町,"1,723.57",0.172,,,,1,2,,,,,,,1,,1,,,,,1,3,,,,5,0,0,0,0,0,0,5,,
103,高塚町北公園,34.80736327,135.6427766,高塚町,856.76,0.086,,,,,,,,,,,,,,,,,,,1,4,,,,8,0,0,0,0,0,0,8,,
104,高塚町中央公園,34.80652272,135.643109,高塚町,896.85,0.09,,1,,,,,,,,,,,1,,,,,,1,3,,,,0,0,0,0,0,6,0,6,,
105,津田駅前東公園,34.80028181,135.6994434,津田駅前２丁目505,"2,821.82",0.282,,,,,,,,,,,,,1,,,6,,,1,11,1,,,0,0,0,1,0,2,2,5,エドヒガン,
106,津田南町西公園,34.80024883,135.7021834,津田南町１丁目,622.09,0.062,,1,,,1,,,,,,,,,1,,,,,1,4,,,,0,0,0,0,0,0,2,2,エドヒガン,
107,津田南町東公園,34.7998359,135.7054686,津田南町１丁目,556,0.056,,1,,,1,,1,,,,,,,1,,,1,,1,5,,,,5,0,0,0,0,0,0,5,,
108,出口北公園,34.80322447,135.6209232,出口２丁目,"1,391.98",0.139,,,,1,,,,,,,,1,1,1,,,1,,1,5,,,,2,0,0,0,0,0,0,2,,
109,出口西公園,34.80217933,135.6208361,出口６丁目,983.58,0.098,,,,1,1,,,3,,,,,,1,,,,,1,3,,,,17,0,0,0,0,0,0,17,,
110,出口ふれあい公園,34.80307135,135.6267714,出口１丁目,"6,461.47",0.646,,1,,,1,,,1,,,,,,1,2,,,1,2,24,1,,,14,2,0,0,0,0,2,18,ヤエザクラ,
111,天満公園,34.86665552,135.6913309,北楠葉町,"6,714.47",0.671,,,,1,1,1,1,,,,,,,,,,2,1,1,6,,,,8,0,0,0,0,0,1,9,ヤエザクラ,
112,東部公園,34.80132991,135.745787,大字尊延寺,34000,3.4,,,,,,,,,,,,,2,,,7,,2,,,3,1,,0,0,0,0,0,0,65,65,,○
113,堂ノ背公園,34.80974314,135.7196995,杉１丁目,"6,193.81",0.619,,1,,,1,,1,,,,,,,1,,,,1,1,5,1,,,21,0,0,5,0,0,0,26,,○
114,堂山公園,34.81767611,135.6704285,堂山１丁目,"16,876.91",1.688,○,,,1,1,,,1,,,,,,1,,,3,1,1,32,3,,,30,0,0,0,0,0,0,30,,
115,長尾大池公園,34.82556246,135.7162333,長尾東町１丁目,589.69,0.059,,,,1,1,,,,,,,,,,,,,,1,2,,,,3,0,0,0,0,0,0,3,,
116,長尾台大谷公園,34.81681039,135.7171059,長尾台３丁目,"3,010.26",0.301,,,,1,1,,,,,,,,,1,,,,,,5,,,,1,0,0,0,0,0,2,3,ヤエザクラ,
117,長尾台亀谷公園,34.82055121,135.7205302,長尾台４丁目,"1,516.05",0.152,,,,,,,,,,,,,,,,,,,,,,,,2,0,0,0,0,1,0,3,,
118,長尾台北公園,34.82117389,135.7168685,長尾台１丁目,"1,031.69",0.103,,,,1,1,,,,1,,,,,1,,,,,1,2,,,,13,0,0,0,0,3,0,16,,
119,長尾台東公園,34.81940465,135.7182962,長尾台２丁目,"1,044.52",0.104,,,,1,1,,,1,,,,,,1,,,,,1,3,,,,0,0,0,0,0,0,4,4,ヤエザクラ,
120,長尾台南公園,34.81842135,135.7166268,長尾台２丁目,"1,045.85",0.105,,,,1,1,,1,,,,,1,,1,,,,,1,7,,,,4,0,0,0,0,3,0,7,,
121,長尾谷町公園,34.82420175,135.7027031,長尾谷町３丁目,"1,130.56",0.113,,1,,,1,,1,,,,1,,,1,,,,,1,1,,,,16,0,0,0,0,0,0,16,,
122,長尾西町公園,34.83162137,135.6995521,長尾西町１丁目,714.92,0.071,,1,,,1,,,,,,1,,,1,,,,,1,4,,,,,,,,,,,,,
123,長尾東公園,34.82541546,135.7227147,長尾東町３丁目,524.41,0.052,,,,,,,,,,,,,1,,,,,,1,5,1,,,,,,,,,,,,
124,長尾元町公園,34.83019936,135.706721,長尾元町３丁目,"1,640.54",0.164,,,,1,1,,,1,,,1,,,1,,2,3,,1,7,,,,,,,,,,,,,
125,中の池公園,34.8476097,135.6902535,東山２丁目,"40,071.87",4.007,○,,,1,1,,,,,,1,,,1,,,,1,1,7,1,1,,27,6,1,0,0,0,3,37,ｵｵﾔﾏｻﾞｸﾗ,
126,中の谷公園,34.85045399,135.6901284,東山１丁目,"2,449.28",0.245,,,,1,1,,,,,,,1,,1,,,,,1,7,,,,,,,,,,,,,
127,中振中央公園,34.79424459,135.6353977,南中振１丁目,"1,200.00",0.12,,1,,,1,,1,,,,,,,1,,,,,,2,,,,11,0,0,0,0,0,1,12,,
128,中宮公園,34.81915085,135.6657927,中宮東之町,"2,122.95",0.212,,2,,,1,,,,,,,,,1,,,,,1,6,,,,0,0,0,0,0,0,2,2,サトザクラ,
129,渚栄公園,34.83549093,135.6603861,渚栄町,540.51,0.054,,,,,,,,,,,,,1,1,,,,,1,3,,,,2,0,0,0,0,0,0,2,,
130,渚西公園,34.83344871,135.6526486,渚西町２丁目,"1,823.35",0.182,,,,,1,,,,,,,,,1,,,,,1,6,1,,,4,0,0,0,0,0,0,4,,
131,渚東公園,34.83248629,135.6624303,渚西町１丁目,827.96,0.083,,,,1,1,,,,,,,,,1,,,,,1,5,,,,5,0,0,0,0,1,0,6,,
132,渚公園,34.83296581,135.6609901,渚南町,"1,162.86",0.116,,1,,,1,,,,,,,,,1,,,,,1,4,,,,10,0,0,0,0,0,0,10,,
133,茄子作北公園,34.7898576,135.6629785,茄子作北町,"1,146.00",0.115,,,,,,,,,,,,,1,1,1,,,,1,4,1,,,16,0,0,0,0,0,0,16,,
134,茄子作東公園,34.78502689,135.6699364,茄子作東町,516,0.052,,,,,1,,,1,,,,1,,,,,,,1,3,,,,3,0,0,0,0,0,0,3,,
135,茄子作南公園,34.78224901,135.6680511,茄子作４丁目,"1,346.13",0.135,,1,,,1,,,1,,,,,,1,1,,,,1,2,,,,2,0,0,0,0,0,0,2,,
136,七ツ松公園,34.85898088,135.6862426,楠葉朝日２丁目,933.34,0.093,,,,,,,,,,,,,,,,,,,,,,,,,,,,,,,,,
137,西禁野公園,34.8206366,135.6531228,西禁野２丁目,813.93,0.081,,1,,,,,,1,,,,,,1,,,,,1,3,1,,,,,,,,,,,,
138,西牧野公園,34.84547881,135.6625756,西牧野４丁目１８３番,613.55,0.061,,,,,,,,,,,,,2,,,,,,1,6,1,,,1,0,0,0,0,0,0,1,,
139,二の宮公園,34.85377237,135.6811377,船橋本町１丁目,"2,654.36",0.265,,,,1,1,,,,,,,1,,1,,,2,1,1,7,,,,7,0,0,0,0,1,0,8,,
140,登公園,34.86877806,135.687444,楠葉野田３丁目,859.21,0.086,,,,1,1,,,,,,,,,1,,,,,1,2,,,,9,0,0,0,0,0,0,9,,
141,走谷公園,34.80143272,135.6327459,走谷２丁目,979,0.098,,,,1,1,,,,,,,1,,,,,,,1,4,,,,,,,,,,,,,
142,花見の丘公園,34.81004985,135.7072681,津田山手１丁目,"1,600.26",0.16,,,,,,,,,,,,,,,,,,,,7,,,,11,0,0,0,0,1,0,12,サトザクラ,
143,日置公園,34.83060766,135.6857577,招提南町３丁目,"4,742.42",0.474,,,,1,,,,,,,,,,,1,2,,1,1,11,,,,1,0,0,0,0,0,0,1,,
144,東香里南公園,34.77531117,135.655653,東香里３丁目,510,0.051,,,,,,,,,,,,,,,,,,,,,,,,0,0,0,0,0,0,0,0,,
145,東香里公園,34.78399054,135.6530722,東香里南町,"2,866.45",0.287,,,,1,,,,1,,,,2,1,1,,,,,1,10,,,,9,0,0,0,0,0,0,9,ﾊｸｻﾝｵｵﾃﾞﾏﾘ,
146,東長尾公園,34.82472511,135.7224315,長尾東町３丁目,"1,187.32",0.119,,,,,1,,,,,,,,,1,,,,,,1,,,,2,0,0,0,0,0,0,2,,
147,東中振北公園,34.7986849,135.6432507,東中振１丁目,501.8,0.05,,,,,1,,,1,1,,,1,,1,,,,,1,2,,,,4,0,0,0,0,0,0,4,,
148,東中振中央公園,34.79745433,135.6410161,東中振１丁目,"2,138.29",0.214,,,,1,1,,,,,,,,,1,1,,,1,1,8,,,,6,0,0,0,0,0,0,6,,
149,東中振西公園,34.79678372,135.63883,東中振２丁目,886.07,0.089,,1,,,1,,,,,,,1,,1,1,,,,1,7,,,,3,0,0,0,0,0,0,3,,
150,東中振南公園,34.79726142,135.6437264,東中振１丁目,504.95,0.05,,,,,,,,,1,,,1,,1,,,,,1,2,,,,5,0,0,0,0,0,0,5,,
151,東山公園,34.85429067,135.6908052,楠葉面取町２丁目,667.81,0.067,,,,,,,,,,,,,1,2,,,,,,7,,,,0,0,0,0,0,6,0,6,,
152,氷室台西公園,34.81019467,135.7272822,氷室台１丁目,"1,363.87",0.136,,1,,,1,,,,,,,,,1,,,1,,,10,,,,,,,,,,,,,
153,氷室台南公園,34.80822906,135.7317298,氷室台１丁目,"3,253.96",0.325,,1,,,3,,,1,,,,1,,1,,,2,,1,15,,,,16,0,0,0,0,0,0,16,,
154,平野公園,34.83570478,135.6803187,招提中町１丁目,"1,123.23",0.112,,,,,,,,,,,,,1,1,,,,1,1,4,,,,0,0,0,0,0,0,3,3,サトザクラ,
155,藤阪西公園,34.82124841,135.6978007,藤阪北町,"1,088.61",0.109,,,,1,,,,1,,,,,1,,1,,,,1,14,,,,7,0,0,0,0,0,0,7,,
156,藤阪東町北公園,34.81983168,135.7139996,藤阪西町,628.78,0.063,,,,,,,,,,,,,,,,,,,,,,,,2,0,0,0,0,0,0,2,,
157,藤阪東町中央公園,34.82085201,135.7112187,藤阪東町,4.400.01,0.44,,,,,,,,,,,,,,,,,,,,,,,,,,,,,,,,,
158,藤阪東町南公園,34.81877605,135.714484,藤阪西町,"1,027.60",0.103,,,,,,,,,,,,,,,,,,,,,,,,13,0,0,0,0,3,0,16,,
159,藤阪東公園,34.82056515,135.700325,藤阪東町３丁目,"2,137.33",0.214,,,,,,,,,,,,,,,,,,,1,6,,,,0,10,0,0,0,0,0,10,,
160,藤阪宮山公園,34.81626579,135.7090857,藤阪天神町19,"1,712.53",0.171,,,,,,,,,,,,,,,,,,,,,,,,,,,,,,,,,
161,藤阪公園,34.82074563,135.7029319,藤阪元町,806.61,0.081,,1,,,1,,1,,,,,,,1,,,,,1,4,,,,4,0,0,0,0,0,1,5,ヤエザクラ,
162,武生田公園,34.79861741,135.7263033,尊延寺５丁目,"3,100.00",0.31,,,,1,1,,,1,,,,,,1,,,,,,13,,,,9,0,0,0,0,0,0,9,,
163,船橋公園,34.85374795,135.6843545,東船橋１丁目,"2,097.98",0.21,,,,1,1,,,,,,,,,1,,,2,,1,7,1,,,3,0,2,0,0,0,0,5,,
164,古城公園,34.80242336,135.7059047,津田南町２丁目,"1,578.11",0.158,,1,,,,,,1,,,,1,,,,,,,1,,,,,0,0,0,0,0,9,0,9,,
165,坊主池公園,34.80867929,135.6460809,岡　山手町,"7,695.90",0.77,,,,,1,,,,,,,1,,1,,,3,,1,14,1,,,0,0,13,0,0,0,3,16,サトザクラ,
166,星ケ丘公園,34.80947404,135.6616322,星丘２丁目,"4,472.12",0.447,,1,,,,,,1,,,,,1,1,,7,2,,1,7,1,,,,,,,,,,,,
167,穂谷公園,34.79557435,135.7290922,穂谷２丁目,"1,236.65",0.124,,1,,,,,,,,,,,,,,,,1,,3,1,,,,,,,,,,,,
168,牧野公園,34.84212578,135.6685253,牧野本町　　宇山町１,"10,747.33",1.075,○,,,1,1,,,,,,,1,1,2,,,3,2,1,15,,,,30,2,0,4,0,0,9,45,ヤエザクラ,
169,松美ヶ丘公園,34.83326691,135.7027577,長尾西町,521,0.052,,,,,,,,,,,,,1,,,,,,1,3,1,,,,,,,,,,,,
170,三ツ矢公園,34.81479311,135.6421697,三矢町,819.57,0.082,,,,,,,,,,,,,1,,,2,,1,1,1,1,,,3,0,0,1,0,0,0,4,,
171,南谷公園,34.79030352,135.6466116,香里ヶ丘９丁目,"3,280.70",0.328,,,,1,,,,,,,,1,,,,,,,1,5,,,,,,,,,,,,,
172,南中振公園,34.79392268,135.6291359,南中振２丁目,"2,542.97",0.254,,1,,,1,,,,,,,,,,,3,,,1,6,,,,9,1,4,0,0,0,5,19,サトザクラ,
173,南船橋公園,34.84970074,135.6821628,南船橋２丁目,801.51,0.08,,1,,,,,,,,,,,1,1,,,,,1,5,,,,8,0,0,0,0,0,0,8,,
174,宮之阪東公園,34.81177417,135.6621127,宮之阪３丁目,"1,353.60",0.135,,1,,,1,,,,,,,,,1,,,,,1,4,1,,,0,0,0,0,0,0,0,0,,
175,宮之阪公園,34.81271026,135.6583408,宮之阪４丁目,555.49,0.056,,1,,,1,,1,,,,,1,,1,,,,,1,2,,,,,,,,,,,,,
176,村野西町公園,34.80013181,135.6619041,村野西町,951.61,0.095,,1,,,1,,,1,,,,,,1,,,,,,4,,,,3,0,0,0,0,0,0,3,,
177,村野東町公園,34.80030468,135.6705973,村野東町,490.44,0.049,,1,,,1,,,1,,,,,,,,,,,1,3,,,,,,,,,,,,,
178,村野南町公園,34.79900666,135.6626041,村野南町,"3,161.18",0.316,,,,,,,,1,,,,,1,1,,,,,1,4,,,,0,0,0,0,0,0,0,0,,
179,村野公園,34.80296253,135.6655698,村野本町,"1,095.00",0.11,,,,1,1,,,,,,,1,,,,,,,,3,,,,15,0,0,0,0,0,0,15,,
180,三栗東公園,34.83579199,135.6598676,三栗１丁目,809.49,0.081,,,,1,1,,,1,,,,,,1,,,,,1,4,,,,2,0,0,0,0,0,0,2,,
181,三栗南公園,34.83487289,135.6574727,三栗１丁目,498.43,0.05,,,,1,1,,,,,,,,,1,,,,,1,3,,,,,,,,,,,,,
182,面取公園,34.85621427,135.6850233,楠葉朝日１丁目,"1,038.76",0.104,,,,1,1,,,,,,,,,1,,,,,1,6,,,,,,,,,,,,,
183,薬師谷公園,34.82787843,135.7034306,長尾元町１丁目,"6,513.00",0.651,,,,1,1,,,,,,,,,1,,,2,,1,3,,,,4,0,0,0,0,5,0,9,,
184,養父東公園,34.84568942,135.675069,養父東町,"3,068.00",0.307,,,,1,1,,,,,,,,,1,,,,1,1,2,,,,3,0,0,0,0,0,0,3,,
185,養父元町公園,34.84909291,135.6719119,養父元町,"2,661.05",0.266,,,,,,,,,,,,,1,1,,,,,1,12,1,,,0,2,0,0,0,0,0,2,,
186,山原公園,34.85201111,135.6874211,東船橋２丁目,"1,415.24",0.142,,,,1,,,,,,,,,,1,,,,,1,2,1,,,6,0,0,0,0,0,0,6,,
187,淀見公園,34.79316149,135.6431202,香里ヶ丘９丁目,"5,426.24",0.543,,,,1,1,,,1,,,,1,,1,,,,,1,16,,,,52,0,0,0,0,0,7,59,,
188,らんぱん公園,34.84064134,135.6662145,牧野阪３丁目,629,0.063,,,,,,,,,,,,,,,,,,,1,1,1,,,0,0,0,0,0,0,2,2,サトザクラ,
189,六反町公園,34.86080303,135.6866342,楠葉朝日３丁目,"1,033.05",0.103,,1,,,1,,,1,,,,,,1,,,,,1,3,,,,,,,,,,,,,
190,わさ谷公園,34.7992363,135.6398789,翠香園町,583.98,0.058,,1,,,1,,,,,,,,,1,,,,,1,4,,,,,,,,,,,,,
191,王仁公園,34.81796782,135.7069757,王仁公園町,"92,940.00",9.294,○,1,,,1,,1,,,,1,,,1,1,,,2,3,108,5,2,,267,21,10,2,0,64,65,429,ﾔｴﾍﾞﾆｼﾀﾞﾚ,
192,藤阪北町西公園,34.82401603,135.7031792,,,,,,,,1,,,1,,,,,,,,,,,,,,,,3,0,0,0,0,0,0,3,,
193,藤阪北町公園,34.82349736,135.7049549,,,,,1,,,1,,,1,,,1,1,,1,,,,,,4,,,,4,0,0,0,0,0,0,4,,
194,北谷川緑地,34.82384639,135.7012825,,,,,,,,,,,,,,,,,,,,,,,3,1,,,11,0,0,0,0,0,0,11,,
195,日置台緑地,34.83053099,135.6875657,,,,,,,,,,,,,,,,,,,,,1,,10,,,,9,0,0,0,0,0,0,9,,
196,山之上北公園,34.80419569,135.6494206,,,,,1,,1,1,,,1,,,,,,1,,,1,,,3,,,,,,,,,,,,,
197,伊加賀西町北公園,34.80704978,135.6252373,,,,,1,,,1,,,,,,,,,1,,,,,1,6,2,,,,,,,,,,,,
198,伊加賀西町東公園,34.80651338,135.6301376,,,,,1,,,1,,,,,,,,,1,,,,,1,5,,,,,,,,,,,,,
199,伊加賀西町南公園,34.80489099,135.6239008,,,,,,,1,,,,,,,,,1,1,,,,,1,7,2,,,2,0,0,0,0,0,0,2,,
200,伊加賀西町公園,34.80954097,135.6298305,,,,,,,1,1,,,,,,,,,1,,,,,1,6,2,,,7,0,0,0,0,0,1,8,,
