"NO","名　　　　称","緯度","経度","住所","面積（�u）","面積（ha）","一時緊急　　　避難地","ブランコ _2連 ","ブランコ_3連","ブランコ_4連","スベリ台","低鉄棒_１連","低鉄棒_２連","低鉄棒_３連","低鉄棒_４連","低鉄棒_５連","シーソー","ジャングルジム","複合遊具_鋼製","砂場","ラダー","健康遊具","ﾌﾟﾚｲｽｶﾙﾌﾟﾁｬｰ","便所","水飲","ベンチ","四阿・ｼｪﾙﾀｰ","駐車場有料施設専用","駐車場","桜_ソメイヨシノ","桜_オオシマザクラ","桜_カンヒザクラ","桜_シダレザクラ","桜_カワズザクラ　","桜_ヤマザクラ","桜_その他","桜_合計","桜_その他品種","景色の良い公園"
"1","あおぞらひろば","34.80317213","135.7271898","枚方市尊延寺３丁目１−４７","1343.39","0.134","","","","","","","","","","","","","1","","","","","","","","","","","0","0","0","0","0","0","1","1","エドヒガン",""
"2","あかね丘公園","34.8008958","135.6331999","枚方市北中振１丁目１(府道21号線沿い)","548.17","0.055","","","","1","1","","","1","","","","","","1","","","1","","1","7","1","","","","","","","","","","","",""
"3","旭ヶ丘中央公園","34.77635257","135.6529001","枚方市東香里南町２１−１２","1930.77","0.193","","1","","","1","","","","","","","","","1","","","","","1","2","","","","1","0","0","0","0","0","0","1","",""
"4","旭ヶ丘西公園","34.77780792","135.6507224","枚方市東香里南町３１−２３","1886.19","0.189","","1","","","1","","","","","","","","","1","","","","","1","6","","","","6","0","0","0","0","0","0","6","",""
"5","旭ヶ丘東公園","34.77616526","135.655468","枚方市東香里南町５４−１１","842.63","0.084","","","","1","1","","","1","","","","","","1","","","","","","5","","","","","","","","","","","","",""
"6","あんご公園","34.80975156","135.6529164","枚方市東田宮１丁目５−１２","2743.14","0.274","","","","","","","","","","","","","1","1","","","","","1","14","","","","8","0","8","0","0","0","0","16","",""
"7","伊加賀栄公園","34.80588501","135.6353846","枚方市伊加賀栄町１０−２９","2825.96","0.283","","1","","","1","","","","","","","","","1","","","","1","","8","1","","","1","0","0","0","0","0","0","1","",""
"8","伊加賀山公園","34.79784152","135.6457699","枚方市香里ケ丘６丁目２０","4433.82","0.443","","","1","","1","","","","","","1","","","","","","","","","3","","","","28","0","0","0","0","0","0","28","",""
"9","伊加賀公園","34.81138525","135.6376873","枚方市堤町７−２","948.36","0.095","","1","","","1","","","","","1","","1","","","","","","","1","4","","","","14","0","0","0","0","0","2","16","",""
"10","池之宮西公園","34.81156769","135.6706329","枚方市池之宮２丁目２３−１３","829.02","0.083","","1","","","1","","1","","","","","","","1","","","","","1","2","","","","1","0","0","0","0","0","0","1","",""
"11","以楽公園","34.79620283","135.6484142","枚方市香里ケ丘５丁目２−８","8047.64","0.805","","","","","","","","","","","","","","","","","","","","6","","","","32","0","0","0","0","0","0","32","サトザクラ",""
"12","印田町ふれあい公園","34.80460249","135.6675873","枚方市印田町４３−１５","5700.00","0.57","","","","","","","1","","","","","","1","","","4","2","1","1","13","1","","","4","0","1","0","0","0","0","5","",""
"13","うしろ谷公園","34.84957671","135.7023107","枚方市高野道２丁目２４−１１","2962.81","0.296","","","","1","1","","","1","","","","1","","1","","","","","1","8","","","","0","0","0","0","0","0","15","15","ヤエザクラ",""
"14","宇山東公園","34.84314796","135.672897","枚方市養父丘１丁目１０−２７","2417.60","0.242","","","","","","","","","","","","","1","1","","","","","1","10","1","","","0","0","0","0","0","9","0","9","",""
"15","岡東中央公園","34.8149243","135.6500978","枚方市岡東町７−５","4932.78","0.493","","","1","","","","","","","","","","1","1","","2","","1","1","6","1","","","0","0","0","1","0","0","1","2","アマノガワ",""
"16","岡東公園","34.81422319","135.6473807","枚方市岡東町１６−１０","1907.37","0.191","","1","","","1","","","","","","","","","1","","","","","1","4","","","","3","0","0","0","0","0","0","3","",""
"17","岡本町公園","34.81503975","135.6466252","枚方市岡本町８−２０","1060.04","0.106","","","","","","","","","","","","","1","1","","","","","1","12","","","","","","","","","","","","",""
"18","小倉東公園","34.83549387","135.669184","枚方市小倉東町２６−６","557.49","0.056","","1","","","1","","","1","","","1","","","1","","","","","","2","","","","2","0","0","0","0","0","0","2","",""
"19","御茶屋御殿跡展望広場","34.81379284","135.6426304","枚方市枚方元町１−２１","1980.00","0.198","","","","","","","","","","","","","","","","","","","1","6","1","","","0","0","0","4","0","7","0","11","","○"
"20","開成公園","34.79206188","135.6565579","枚方市香里ケ丘２丁目５","3561.00","0.356","","","","","","","","","","","","","","","","","","","1","12","","","","0","0","0","0","0","0","27","27","ヤエザクラ",""
"21","甲斐田公園","34.82832211","135.6716003","枚方市交北１丁目２−１１","1150.03","0.115","","1","","","1","","","","","","","1","","","","","","","1","2","","","","3","0","0","0","0","0","0","3","",""
"22","風見の丘公園","34.80469931","135.7067307","枚方市津田山手１丁目３０−１","2501.66","0.25","","","","","","","","","","","","","","1","","","","","1","4","1","","","9","0","0","0","0","0","0","9","",""
"23","春日野公園","34.80925367","135.6897852","枚方市春日野２丁目３−２５","693.41","0.069","","","","","","","","","","","","","","","","","","","1","3","1","","","7","0","0","0","0","0","0","7","",""
"24","春日元町公園","34.80263659","135.6881298","枚方市春日元町１丁目２０−５","2569.12","0.257","","","","1","1","","","1","","","","","2","1","","1","","","1","5","2","","","9","0","0","0","0","0","0","9","",""
"25","春日公園","34.78041053","135.6601077","枚方市高田２丁目２５−４５","3436.39","0.344","","","","","1","","","","","","","","2","","","","","","1","8","","","","32","0","0","0","0","0","0","32","",""
"26","片鉾東公園","34.83427296","135.6765658","枚方市片鉾東町３２−３","884.49","0.088","","1","","","1","","1","","","","","","","","","","","","1","6","","","","1","0","0","0","0","0","0","1","",""
"27","金崎公園","34.85725616","135.6876175","枚方市楠葉朝日１丁目１７−１７","1024.71","0.102","","1","","","1","","","","","","","","","1","","","","","1","4","","","","","","","","","","","","",""
"28","釜ヶ谷公園","34.82767356","135.719349","枚方市長尾東町２丁目３４−５","858.29","0.086","","","","1","1","","","","","","1","","","1","","","","","","5","","","","3","0","0","0","0","0","0","3","",""
"29","上島北公園","34.85055267","135.668434","枚方市牧野北町８","924.11","0.092","","","","","","","","","1","1","","","","","","","","","","8","","","","2","0","0","0","0","0","0","2","",""
"30","上島町公園","34.84772669","135.668336","枚方市上島町４−１１","772.18","0.077","","","","","","","","","","","","","1","1","","","","","1","10","","","","","","","","","","","","",""
"31","上島東公園","34.84951362","135.6678391","大阪府枚方市牧野北町７","2328.62","0.233","","1","","","1","","","","","","1","1","","1","","","","","","31","","","","3","0","0","0","0","0","0","3","",""
"32","上島南公園","34.84807492","135.6650949","枚方市牧野北町６−３","2839.54","0.284","","","","1","1","","","1","","","1","1","","1","","","","","1","16","","","","64","0","10","0","0","0","0","74","",""
"33","上之町公園","34.80824725","135.6435501","枚方市枚方上之町１４−１１","559.93","0.056","","","","","","","","","","","","","","1","","","","","1","19","","","","2","0","0","0","0","0","0","2","",""
"34","観月公園","34.78633738","135.6478115","枚方市香里ケ丘１１丁目２−１３","6307.57","0.631","","","","","","","","","","","","","","","","","","","","","","","","9","0","19","0","0","0","0","28","",""
"35","観音山公園","34.78889273","135.6532805","枚方市香里ケ丘１２丁目６−１６","7899.21","0.79","","","","","","","","","","","","","","","","3","","","","11","","","","101","0","0","0","0","0","0","101","ヤエザクラ",""
"36","菊丘東公園","34.80500119","135.6445118","枚方市菊丘町３１−６","953.76","0.095","","","","1","1","","","","","","","1","","1","","","3","","1","7","","","","16","0","0","0","0","0","0","16","",""
"37","菊丘南公園","34.79903228","135.6449834","枚方市菊丘南町５−２","970.12","0.097","","1","","","1","","1","","","","","","","1","","","2","","1","7","","","","24","0","0","0","0","0","0","24","",""
"38","菊丘公園","34.80503675","135.6421191","枚方市菊丘町１０−２","751.5","0.075","","","","1","","","","","","","1","","","1","","","1","","","8","","","","","","","","","","","","",""
"39","北楠葉公園","34.870496","135.6841328","枚方市北楠葉町３６−２６","722.65","0.072","","1","","","1","","","1","","","","","","1","","","","","1","4","","","","","","","","","","","","",""
"40","北谷川西公園","34.82389446","135.6968748","枚方市山田池東町１８−３５","1014.42","0.101","","","","","1","","","1","","","","","","1","","","1","","","4","","","","","","","","","","","","",""
"41","北谷川公園","34.82330656","135.6998255","枚方市長尾谷町３丁目８−３０","2805.10","0.281","","1","","","1","","","","","","","1","","","","","","","1","","","","","0","0","0","0","0","0","0","0","",""
"42","北谷公園","34.79501403","135.6474448","枚方市香里ケ丘７丁目２−３","4302.33","0.43","","","","","","","","","","","","","","","","","","","","5","","","","5","0","0","0","0","0","0","5","",""
"43","北山中央公園","34.84104839","135.7023279","枚方市北山１丁目３２−１０","2549.79","0.255","","","","","","","","","","","","","1","1","","","","","1","8","1","","","0","0","0","0","0","1","0","1","",""
"44","北山南公園","34.83734722","135.6996198","枚方市北山１丁目６２−８","2500.24","0.25","","","","","2","","","","","","","","","","","","","","1","1","1","","","0","0","0","0","0","0","5","5","",""
"45","北山公園","34.84495691","135.7029991","枚方市長尾家具町１丁目２−１２","20103.74","2.01","○","1","","","1","","","","","","","","1","1","","","","1","3","16","","","","27","0","0","0","0","0","0","27","ヤエアケボノ,ハクサンオオデマリ",""
"46","禁野車塚公園","34.81087654","135.656891","枚方市宮之阪５丁目３−１４","5830.95","0.583","","","","","","","","","","","","","1","1","","","","","","4","1","","","","","","","","","","","",""
"47","禁野本町遺跡公園","34.82163761","135.6606988","枚方市中宮北町１３−２０","500.15","0.05","","","","","","","","","","","","","","","","","","","1","","","","","","","","","","","","","",""
"48","九頭神廃寺跡公園（西）","34.83940176","135.6727707","枚方市牧野本町１丁目３２−２","1154.90","0.115","","","","","","","","","","","","","1","","","2","","","","2","1","","","0","0","2","1","0","0","0","3","",""
"49","楠葉中央公園","34.85941359","135.6807459","枚方市楠葉並木２丁目１５−３","10717.03","1.072","○","1","","","","","","","","","","","","1","","","","1","1","49","","","","53","0","0","0","0","0","3","56","ヤエザクラ,ハクサンオオデマリ",""
"50","楠葉中町西公園","34.86915472","135.6800425","枚方市楠葉中町２６−１０","842.39","0.084","","1","","","1","","","","","","1","","","1","","","","","1","3","","","","","","","","","","","","",""
"51","楠葉中町東公園","34.86802615","135.6828279","枚方市楠葉中町６７−４","601.93","0.06","","1","","","","","","","","","1","","","1","","","","","1","3","","","","3","0","0","0","0","0","0","3","",""
"52","楠葉東公園","34.86072875","135.6918169","枚方市 くずはアベニュー","26716.87","2.672","○","","","1","2","","","","","","1","","","1","1","","3","1","2","38","","","","98","0","1","2","0","0","2","103","ヤエザクラ",""
"53","百済寺跡公園","34.81569279","135.6607627","枚方市中宮西之町１−３０","21514.35","2.151","○","1","","","1","","1","","","","1","","","","1","","","1","1","11","","","","28","0","0","0","0","0","0","28","",""
"54","くにみの丘公園","34.80780408","135.7099953","枚方市津田山手１丁目１５−１２","13631.44","1.363","○","","","","","","","","","","","","1","","","","","1","1","7","1","","","12","0","0","0","0","0","7","19","サトザクラ","○"
"55","車谷公園","34.84486006","135.7090602","枚方市長尾家具町２丁目３−１９","5537.17","0.554","","","","1","","","","","","","","","2","1","","","","1","1","3","","","","31","0","0","0","0","0","0","31","",""
"56","車塚公園","34.8335464","135.6690309","枚方市小倉東町４０−１","50164.51","5.016","○","","","","1","","","","","","","","","1","","9","","1","2","25","2","","3","27","15","3","8","28","0","1","82","薄墨桜",""
"57","桑ヶ谷公園","34.79585598","135.6594299","枚方市香里ケ丘１丁目４−２","12066.89","1.207","○","","","","","","","","","","","","","","","","","","","2","","","","5","0","0","0","0","0","0","5","",""
"58","けやき坂公園","34.82529551","135.7019713","枚方市長尾谷町２丁目５２５","1860.03","0.186","","","","1","1","","","","","","","","","1","","","1","","1","6","","","","0","0","0","0","0","10","0","10","",""
"59","甲須公園","34.82079531","135.6760639","枚方市甲斐田新町２１−１４","2674.08","0.267","","","","","1","","","","","","","1","","1","","","","","1","5","2","","","4","0","0","0","0","0","0","4","",""
"60","交北北公園","34.83045842","135.682009","枚方市交北３丁目１０−５","733.44","0.073","","","","","1","","","","","","","","","","","","","","1","5","","","","","","","","","","","","",""
"61","交北公園","34.8285473","135.6812548","枚方市交北４丁目５６０−２","31746.00","3.175","○","","","","2","","","","","","","","2","2","","7","","1","1","52","3","","","49","0","0","2","0","9","0","60","","○"
"62","高野道東公園","34.84713223","135.6991303","枚方市高野道２丁目３４−２６","999","0.1","","1","","","1","","","1","","","","","","","","","2","","1","4","","","","3","0","0","0","0","0","0","3","",""
"63","高野道南公園","34.84846889","135.6992095","枚方市高野道２丁目４３−２","2039.18","0.204","","1","","","2","","1","","","","","2","","1","","","","1","2","13","","","","","","","","","","","","",""
"64","高野道公園","34.8508206","135.7018691","枚方市高野道２丁目２０ 東高野街道","579.65","0.058","","","","","1","","","1","","","","","","1","","","","","1","2","","","","0","0","0","0","0","0","6","6","ヤエザクラ",""
"65","香陽北公園","34.78756643","135.653107","枚方市香里ケ丘１１丁目３５−５２","1125.48","0.113","","","","","1","","","1","","","","1","","1","","","","","","3","","","","","","","","","","","","",""
"66","香陽公園","34.78599648","135.6513289","枚方市香里ケ丘１１丁目２０−３９","784.28","0.078","","","","","1","","","1","","","","1","","1","","","","","","4","","","","3","0","0","0","0","0","0","3","",""
"67","香里ヶ丘中央公園","34.79140629","135.6522528","枚方市香里ケ丘３丁目１１−２９","26192.00","2.619","○","","","","1","","","","","","","","","1","","","","1","1","27","1","1","","48","0","0","0","0","0","0","48","エドヒガン,ハクサンオオデマリ",""
"68","香里ヶ丘西公園","34.79306705","135.6463783","枚方市香里ケ丘８丁目１８−２","9495.39","0.95","","1","","1","1","","","1","","","","","","1","1","","","","1","9","","","","20","0","0","0","0","0","0","20","",""
"69","香里ヶ丘東公園","34.79070928","135.6572884","枚方市香里ケ丘１２丁目１８−９","11408.22","1.141","○","","","","","","","1","","","","","","","","","","","","4","","","","16","0","0","0","0","0","0","16","コウヨウザクラ,ハクサンオオデマリ",""
"70","香里ヶ丘南公園","34.7860374","135.6453645","枚方市香里ケ丘１０丁目３７３５−１２","19830.50","1.983","","","","1","1","","","1","","","1","1","","","","","","","1","4","","","","53","0","0","0","0","0","0","53","",""
"71","香里の森公園","34.7890981","135.6375818","枚方市香里園山之手町５２−２","5190.81","0.519","","1","","","1","","1","","","","","","","1","","","","1","2","8","2","","","25","0","0","0","0","0","0","25","",""
"72","香里ヒルズ北公園","34.79756719","135.636241","枚方市東中振２丁目１−３２","1257.67","0.126","","","","","1","","","","","","","1","","1","","","","","1","4","","","","","","","","","","","","",""
"73","香里ヒルズ中央公園","34.79466593","135.6402977","枚方市東中振２丁目２８−３","2068.61","0.207","","","","1","1","","","1","","","","","","1","","","","","1","6","1","","","","","","","","","","","",""
"74","五常公園","34.79855533","135.6464949","枚方市香里ケ丘６丁目３−１５","3097.60","0.31","","","","","1","","","1","","","","","1","1","","","","","1","5","","","","9","0","0","0","0","0","0","9","",""
"75","御殿山公園","34.82943287","135.6565378","枚方市渚本町１２−６０","702.7","0.07","","","","1","1","","","","","","","","","1","","","","","1","3","","","","10","0","0","0","0","0","0","10","",""
"76","阪今池公園","34.83978437","135.6646785","枚方市黄金野１丁目３−５１","18854.47","1.885","○","","","","1","","","","","","","","1","1","","","","1","1","16","","","","15","0","0","0","0","0","0","15","",""
"77","桜丘公園","34.8057919","135.6682901","枚方市桜丘町４５−２","635.53","0.064","","","","","1","","","","","","","","","1","","","","","1","3","1","","","3","0","0","0","0","4","0","7","",""
"78","桜公園","34.79434208","135.6536442","枚方市宮之下町２４−１","6414.12","0.641","","","","","","","1","","","","","1","1","1","","","","","1","10","4","","","56","0","0","0","0","0","0","56","",""
"79","笹谷公園","34.84139938","135.7083187","枚方市長尾家具町２丁目１４","6360.82","0.636","","1","","","1","","","","","","1","1","","1","","","","1","1","7","","","","7","0","0","0","0","4","0","11","",""
"80","さだ山公園","34.79091432","135.6438264","枚方市香里ケ丘８丁目２７−７","4137.83","0.414","","","","1","1","","","1","","","","1","","1","","","","","1","10","","","","5","0","0","2","0","0","0","7","",""
"81","さつき丘北公園","34.80355485","135.6479253","枚方市山之上西町６−３４","3056.78","0.306","","","","1","1","","","","","","1","1","","1","","","","","1","7","","","","22","0","0","0","0","0","0","22","ヤエザクラ",""
"82","さつき丘中央公園","34.80176061","135.6485058","枚方市山之上西町１６−２２","1104.97","0.11","","","1","","1","","","","","","","","","1","","","","","1","7","","","","1","0","0","0","0","0","0","1","",""
"83","さつき丘南公園","34.80006351","135.6472115","枚方市山之上５丁目３７−１","1511.50","0.151","","","","","","","","","","","","","1","1","","","","","1","5","","","","9","0","0","0","0","0","0","9","",""
"84","獅子口公園","34.83659713","135.706208","枚方市長尾家具町４丁目１５−２０","3346.51","0.335","","","","1","1","","","","","","","1","","1","","","2","1","1","4","","","","9","0","0","0","0","0","0","9","",""
"85","市民の森","34.8654391","135.6898442","枚方市楠葉丘２丁目１０−１","28315.00","2.832","○","","","","","","1","","","","","","1","1","","","","2","1","17","1","","2","50","1","0","0","0","0","3","54","サトザクラ,薄墨桜",""
"86","下田公園","34.85695536","135.6800293","枚方市楠葉並木１丁目１４−３３","1038.10","0.104","","1","","","","","","","","","","","","1","","","","1","","2","","","","2","0","0","0","0","0","0","2","",""
"87","神社公園","34.86709112","135.6896299","枚方市楠葉丘２丁目１８−１","1127.47","0.113","","","","","","","","","","","","","","","","","","1","","3","","","","17","0","0","0","0","0","0","17","",""
"88","翠香園ふれあい公園","34.79981071","135.6367234","枚方市翠香園町８−５","6809.94","0.681","","1","","","1","","1","","","","","","1","1","1","1","","1","2","14","2","","","12","0","0","0","0","0","1","13","",""
"89","スーパーバンク伊加賀公園","34.80742762","135.6241999","枚方市伊加賀西町１−１","1640.00","0.164","","","","","","","","","","","","","","","","","","","1","2","","","","","","","","","","","","",""
"90","末広公園","34.79405582","135.6442479","枚方市香里ケ丘８丁目１１−３１","2860.69","0.286","","1","","","1","","","","","","","1","","1","","","","","1","2","","","","2","0","4","0","0","0","3","9","ハクサンオオデマリ",""
"91","杉山手北公園","34.8163286","135.7243308","枚方市杉山手３丁目３２−１６","807.96","0.081","","1","","","1","","","","","","1","","","","","","","","","12","","","","2","0","0","0","0","0","0","2","",""
"92","杉山手中央公園","34.81548027","135.7230984","枚方市杉山手３丁目３６−３９","1406.66","0.141","","","","","","","1","","","","","","1","","","","","","1","3","","","","","","","","","","","","",""
"93","杉山手西公園","34.81884722","135.7219993","枚方市杉山手１丁目３２−１","944.31","0.094","","1","","","1","","","","","","","","","1","1","","","","1","3","","","","","","","","","","","","",""
"94","杉山手南公園","34.81460602","135.7224329","枚方市杉山手３丁目１５−１６","1500.00","0.15","","","","1","1","","","","","","","1","","1","1","","","","1","11","","","","4","0","0","0","0","0","0","4","",""
"95","須山中央公園","34.82151374","135.67175","枚方市須山町１８−１５","909.78","0.091","","","","1","1","","","","","","","","","1","","","","","1","5","","","","14","0","0","0","0","0","0","14","",""
"96","須山公園","34.82152014","135.6717505","枚方市須山町１８−１５","1.201.22","0.12","","2","","","1","","","1","","","","1","","","1","","","","1","5","","","","0","0","0","0","1","0","0","1","",""
"97","創造の森","34.79046992","135.6370984","枚方市香里園山之手町４９−５","4584.11","0.458","","","","","","","","","","","","","","","","","","","","2","","","","10","0","0","1","0","0","0","11","",""
"98","宗谷公園","34.79770293","135.7369251","枚方市宗谷２丁目１７−９","1141.75","0.114","","","","","1","","1","","","","","","","1","","","1","","1","9","","","","","","","","","","","","",""
"99","宗谷穂谷防災公園","34.79588538","135.7347132","枚方市宗谷２丁目２９−１","464.18","0.046","","","","","","","","","","","","","","","","","","","","","","","","","","","","","","","","","○"
"100","尊延寺公園","34.80011737","135.7281665","枚方市尊延寺５丁目４５−９","935.63","0.094","","1","","","1","","1","","","","","","","1","","","","","1","13","1","","","","","","","","","","","",""
"101","空見の丘公園","34.80397124","135.7118159","枚方市津田山手２丁目２−２０","10400.06","1.04","○","","","","","","","","","","","","","","","","","","1","6","2","","","8","12","0","0","0","16","1","37","","○"
"102","代々池公園","34.80927752","135.6941401","枚方市野村中町２５−１６","1723.57","0.172","","","","1","2","","","","","","","1","","1","","","","","1","3","","","","5","0","0","0","0","0","0","5","",""
"103","高塚町北公園","34.80736327","135.6427766","枚方市高塚町２１−２７","856.76","0.086","","","","","","","","","","","","","","","","","","","1","4","","","","8","0","0","0","0","0","0","8","",""
"104","高塚町中央公園","34.80652272","135.643109","枚方市高塚町２１−２０","896.85","0.09","","1","","","","","","","","","","","1","","","","","","1","3","","","","0","0","0","0","0","6","0","6","",""
"105","津田駅前東公園","34.80028181","135.6994434","枚方市津田駅前２丁目２５−５","2821.82","0.282","","","","","","","","","","","","","1","","","6","","","1","11","1","","","0","0","0","1","0","2","2","5","エドヒガン",""
"106","津田南町西公園","34.80024883","135.7021834","枚方市津田南町１丁目２１−１０","622.09","0.062","","1","","","1","","","","","","","","","1","","","","","1","4","","","","0","0","0","0","0","0","2","2","エドヒガン",""
"107","津田南町東公園","34.7998359","135.7054686","枚方市津田南町１丁目３６−３","556","0.056","","1","","","1","","1","","","","","","","1","","","1","","1","5","","","","5","0","0","0","0","0","0","5","",""
"108","出口北公園","34.80322447","135.6209232","枚方市出口２丁目２７−１０","1391.98","0.139","","","","1","","","","","","","","1","1","1","","","1","","1","5","","","","2","0","0","0","0","0","0","2","",""
"109","出口西公園","34.80217933","135.6208361","大阪府枚方市出口６丁目１","983.58","0.098","","","","1","1","","","3","","","","","","1","","","","","1","3","","","","17","0","0","0","0","0","0","17","",""
"110","出口ふれあい公園","34.80307135","135.6267714","枚方市出口２丁目１−１６","6461.47","0.646","","1","","","1","","","1","","","","","","1","2","","","1","2","24","1","","","14","2","0","0","0","0","2","18","ヤエザクラ",""
"111","天満公園","34.86665552","135.6913309","枚方市楠葉丘２丁目１３","6714.47","0.671","","","","1","1","1","1","","","","","","","","","","2","1","1","6","","","","8","0","0","0","0","0","1","9","ヤエザクラ",""
"112","東部公園","34.80132991","135.745787","枚方市尊延寺（大字）２９８７","34000","3.4","","","","","","","","","","","","","2","","","7","","2","","","3","1","","0","0","0","0","0","0","65","65","","○"
"113","堂ノ背公園","34.80974314","135.7196995","枚方市杉１丁目３１−１","6193.81","0.619","","1","","","1","","1","","","","","","","1","","","","1","1","5","1","","","21","0","0","5","0","0","0","26","","○"
"114","堂山公園","34.81767611","135.6704285","枚方市堂山１丁目２２−４","16876.91","1.688","○","","","1","1","","","1","","","","","","1","","","3","1","1","32","3","","","30","0","0","0","0","0","0","30","",""
"115","長尾大池公園","34.82556246","135.7162333","枚方市長尾東町１丁目３３−５","589.69","0.059","","","","1","1","","","","","","","","","","","","","","1","2","","","","3","0","0","0","0","0","0","3","",""
"116","長尾台大谷公園","34.81681039","135.7171059","枚方市長尾台３丁目２８−２６","3010.26","0.301","","","","1","1","","","","","","","","","1","","","","","","5","","","","1","0","0","0","0","0","2","3","ヤエザクラ",""
"117","長尾台亀谷公園","34.82055121","135.7205302","枚方市長尾台４丁目１２−５","1516.05","0.152","","","","","","","","","","","","","","","","","","","","","","","","2","0","0","0","0","1","0","3","",""
"118","長尾台北公園","34.82117389","135.7168685","枚方市長尾台１丁目６−１７","1031.69","0.103","","","","1","1","","","","1","","","","","1","","","","","1","2","","","","13","0","0","0","0","3","0","16","",""
"119","長尾台東公園","34.81940465","135.7182962","枚方市長尾台２丁目２２−７","1044.52","0.104","","","","1","1","","","1","","","","","","1","","","","","1","3","","","","0","0","0","0","0","0","4","4","ヤエザクラ",""
"120","長尾台南公園","34.81842135","135.7166268","枚方市長尾台２丁目６−３","1045.85","0.105","","","","1","1","","1","","","","","1","","1","","","","","1","7","","","","4","0","0","0","0","3","0","7","",""
"121","長尾谷町公園","34.82420175","135.7027031","枚方市長尾谷町３丁目２０−８","1130.56","0.113","","1","","","1","","1","","","","1","","","1","","","","","1","1","","","","16","0","0","0","0","0","0","16","",""
"122","長尾西町公園","34.83162137","135.6995521","枚方市長尾西町１丁目４−３９","714.92","0.071","","1","","","1","","","","","","1","","","1","","","","","1","4","","","","","","","","","","","","",""
"123","長尾東公園","34.82541546","135.7227147","枚方市長尾東町３丁目１８−１７","524.41","0.052","","","","","","","","","","","","","1","","","","","","1","5","1","","","","","","","","","","","",""
"124","長尾元町公園","34.83019936","135.706721","枚方市長尾元町３丁目５７−３２","1640.54","0.164","","","","1","1","","","1","","","1","","","1","","2","3","","1","7","","","","","","","","","","","","",""
"125","中の池公園","34.8476097","135.6902535","枚方市東山２丁目４５","40071.87","4.007","○","","","1","1","","","","","","1","","","1","","","","1","1","7","1","1","","27","6","1","0","0","0","3","37","ｵｵﾔﾏｻﾞｸﾗ",""
"126","中の谷公園","34.85045399","135.6901284","枚方市東山１丁目４１−６","2449.28","0.245","","","","1","1","","","","","","","1","","1","","","","","1","7","","","","","","","","","","","","",""
"127","中振中央公園","34.79424459","135.6353977","枚方市南中振１丁目４１−２","1200.00","0.12","","1","","","1","","1","","","","","","","1","","","","","","2","","","","11","0","0","0","0","0","1","12","",""
"128","中宮公園","34.81915085","135.6657927","枚方市中宮東之町３９−１１","2122.95","0.212","","2","","","1","","","","","","","","","1","","","","","1","6","","","","0","0","0","0","0","0","2","2","サトザクラ",""
"129","渚栄公園","34.83549093","135.6603861","枚方市渚栄町２７−１２","540.51","0.054","","","","","","","","","","","","","1","1","","","","","1","3","","","","2","0","0","0","0","0","0","2","",""
"130","渚西公園","34.83344871","135.6526486","枚方市渚西３丁目２５−１","1823.35","0.182","","","","","1","","","","","","","","","1","","","","","1","6","1","","","4","0","0","0","0","0","0","4","",""
"131","渚東公園","34.83248629","135.6624303","枚方市渚東町３０−１２","827.96","0.083","","","","1","1","","","","","","","","","1","","","","","1","5","","","","5","0","0","0","0","1","0","6","",""
"132","渚公園","34.83296581","135.6609901","枚方市渚栄町６−２７","1162.86","0.116","","1","","","1","","","","","","","","","1","","","","","1","4","","","","10","0","0","0","0","0","0","10","",""
"133","茄子作北公園","34.7898576","135.6629785","枚方市茄子作北町４８−８","1146.00","0.115","","","","","","","","","","","","","1","1","1","","","","1","4","1","","","16","0","0","0","0","0","0","16","",""
"134","茄子作東公園","34.78502689","135.6699364","枚方市茄子作東町２４−１８","516","0.052","","","","","1","","","1","","","","1","","","","","","","1","3","","","","3","0","0","0","0","0","0","3","",""
"135","茄子作南公園","34.78224901","135.6680511","枚方市茄子作４丁目４９−１０","1346.13","0.135","","1","","","1","","","1","","","","","","1","1","","","","1","2","","","","2","0","0","0","0","0","0","2","",""
"136","七ツ松公園","34.85898088","135.6862426","枚方市楠葉朝日２丁目１５−１３","933.34","0.093","","","","","","","","","","","","","","","","","","","","","","","","","","","","","","","","",""
"137","西禁野公園","34.8206366","135.6531228","枚方市西禁野２丁目３２−１０","813.93","0.081","","1","","","","","","1","","","","","","1","","","","","1","3","1","","","","","","","","","","","",""
"138","西牧野公園","34.84547881","135.6625756","枚方市西牧野４丁目４−４８","613.55","0.061","","","","","","","","","","","","","2","","","","","","1","6","1","","","1","0","0","0","0","0","0","1","",""
"139","二の宮公園","34.85377237","135.6811377","枚方市船橋本町１丁目７１２−２","2654.36","0.265","","","","1","1","","","","","","","1","","1","","","2","1","1","7","","","","7","0","0","0","0","1","0","8","",""
"140","登公園","34.86877806","135.687444","枚方市楠葉野田３丁目３７−３２","859.21","0.086","","","","1","1","","","","","","","","","1","","","","","1","2","","","","9","0","0","0","0","0","0","9","",""
"141","走谷公園","34.80143272","135.6327459","枚方市走谷２丁目２５−１","979","0.098","","","","1","1","","","","","","","1","","","","","","","1","4","","","","","","","","","","","","",""
"142","花見の丘公園","34.81004985","135.7072681","枚方市津田山手１丁目３−１４","1600.26","0.16","","","","","","","","","","","","","","","","","","","","7","","","","11","0","0","0","0","1","0","12","サトザクラ",""
"143","日置公園","34.83060766","135.6857577","枚方市招提南町３丁目９−５","4742.42","0.474","","","","1","","","","","","","","","","","1","2","","1","1","11","","","","1","0","0","0","0","0","0","1","",""
"144","東香里南公園","34.77531117","135.655653","大阪府枚方市東香里南町１","510","0.051","","","","","","","","","","","","","","","","","","","","","","","","0","0","0","0","0","0","0","0","",""
"145","東香里公園","34.78399054","135.6530722","枚方市東香里３丁目２９−１２","2866.45","0.287","","","","1","","","","1","","","","2","1","1","","","","","1","10","","","","9","0","0","0","0","0","0","9","ハクサンオオデマリ",""
"146","東長尾公園","34.82472511","135.7224315","枚方市長尾東町３丁目３０−１５","1187.32","0.119","","","","","1","","","","","","","","","1","","","","","","1","","","","2","0","0","0","0","0","0","2","",""
"147","東中振北公園","34.7986849","135.6432507","枚方市東中振１丁目２３−１","501.8","0.05","","","","","1","","","1","1","","","1","","1","","","","","1","2","","","","4","0","0","0","0","0","0","4","",""
"148","東中振中央公園","34.79745433","135.6410161","枚方市東中振１丁目１９−３５","2138.29","0.214","","","","1","1","","","","","","","","","1","1","","","1","1","8","","","","6","0","0","0","0","0","0","6","",""
"149","東中振西公園","34.79678372","135.63883","枚方市東中振１丁目１８−２１","886.07","0.089","","1","","","1","","","","","","","1","","1","1","","","","1","7","","","","3","0","0","0","0","0","0","3","",""
"150","東中振南公園","34.79726142","135.6437264","枚方市東中振１丁目３２−１２","504.95","0.05","","","","","","","","","1","","","1","","1","","","","","1","2","","","","5","0","0","0","0","0","0","5","",""
"151","東山公園","34.85429067","135.6908052","枚方市楠葉面取町２丁目５−１８","667.81","0.067","","","","","","","","","","","","","1","2","","","","","","7","","","","0","0","0","0","0","6","0","6","",""
"152","氷室台西公園","34.81019467","135.7272822","枚方市氷室台１丁目７−１","1363.87","0.136","","1","","","1","","","","","","","","","1","","","1","","","10","","","","","","","","","","","","",""
"153","氷室台南公園","34.80822906","135.7317298","枚方市氷室台１丁目３４−７","3253.96","0.325","","1","","","3","","","1","","","","1","","1","","","2","","1","15","","","","16","0","0","0","0","0","0","16","",""
"154","平野公園","34.83570478","135.6803187","枚方市招提中町１丁目４４−１８","1123.23","0.112","","","","","","","","","","","","","1","1","","","","1","1","4","","","","0","0","0","0","0","0","3","3","サトザクラ",""
"155","藤阪西公園","34.82124841","135.6978007","枚方市藤阪西町１−４","1088.61","0.109","","","","1","","","","1","","","","","1","","1","","","","1","14","","","","7","0","0","0","0","0","0","7","",""
"156","藤阪東町北公園","34.81983168","135.7139996","枚方市藤阪東町３丁目４−３","628.78","0.063","","","","","","","","","","","","","","","","","","","","","","","","2","0","0","0","0","0","0","2","",""
"157","藤阪東町中央公園","34.82085201","135.7112187","枚方市藤阪東町１丁目","4.400.01","0.44","","","","","","","","","","","","","","","","","","","","","","","","","","","","","","","","",""
"158","藤阪東町南公園","34.81877605","135.714484","枚方市藤阪東町３丁目９−７","1027.60","0.103","","","","","","","","","","","","","","","","","","","","","","","","13","0","0","0","0","3","0","16","",""
"159","藤阪東公園","34.82056515","135.700325","枚方市藤阪西町６−５２","2137.33","0.214","","","","","","","","","","","","","","","","","","","1","6","","","","0","10","0","0","0","0","0","10","",""
"160","藤阪宮山公園","34.81626579","135.7090857","枚方市藤阪天神町１９−９","1712.53","0.171","","","","","","","","","","","","","","","","","","","","","","","","","","","","","","","","",""
"161","藤阪公園","34.82074563","135.7029319","枚方市藤阪元町３丁目１８−２","806.61","0.081","","1","","","1","","1","","","","","","","1","","","","","1","4","","","","4","0","0","0","0","0","1","5","ヤエザクラ",""
"162","武生田公園","34.79861741","135.7263033","枚方市尊延寺５丁目５２−４","3100.00","0.31","","","","1","1","","","1","","","","","","1","","","","","","13","","","","9","0","0","0","0","0","0","9","",""
"163","船橋公園","34.85374795","135.6843545","枚方市東船橋１丁目２９−３","2097.98","0.21","","","","1","1","","","","","","","","","1","","","2","","1","7","1","","","3","0","2","0","0","0","0","5","",""
"164","古城公園","34.80242336","135.7059047","枚方市津田南町２丁目３７−１","1578.11","0.158","","1","","","","","","1","","","","1","","","","","","","1","","","","","0","0","0","0","0","9","0","9","",""
"165","坊主池公園","34.80867929","135.6460809","枚方市岡山手町１１−７２","7695.90","0.77","","","","","1","","","","","","","1","","1","","","3","","1","14","1","","","0","0","13","0","0","0","3","16","サトザクラ",""
"166","星ケ丘公園","34.80947404","135.6616322","枚方市星丘２丁目１０−３７","4472.12","0.447","","1","","","","","","1","","","","","1","1","","7","2","","1","7","1","","","","","","","","","","","",""
"167","穂谷公園","34.79557435","135.7290922","枚方市穂谷２丁目２−２２","1236.65","0.124","","1","","","","","","","","","","","","","","","","1","","3","1","","","","","","","","","","","",""
"168","牧野公園","34.84212578","135.6685253","枚方市牧野阪２丁目１５","10747.33","1.075","○","","","1","1","","","","","","","1","1","2","","","3","2","1","15","","","","30","2","0","4","0","0","9","45","ヤエザクラ",""
"169","松美ヶ丘公園","34.83326691","135.7027577","枚方市長尾西町３丁目１０−３","521","0.052","","","","","","","","","","","","","1","","","","","","1","3","1","","","","","","","","","","","",""
"170","三ツ矢公園","34.81479311","135.6421697","枚方市三矢町６−１０","819.57","0.082","","","","","","","","","","","","","1","","","2","","1","1","1","1","","","3","0","0","1","0","0","0","4","",""
"171","南谷公園","34.79030352","135.6466116","枚方市香里ケ丘８丁目２１−１０","3280.70","0.328","","","","1","","","","","","","","1","","","","","","","1","5","","","","","","","","","","","","",""
"172","南中振公園","34.79392268","135.6291359","枚方市南中振２丁目４−７","2542.97","0.254","","1","","","1","","","","","","","","","","","3","","","1","6","","","","9","1","4","0","0","0","5","19","サトザクラ",""
"173","南船橋公園","34.84970074","135.6821628","枚方市南船橋２丁目１５−１４","801.51","0.08","","1","","","","","","","","","","","1","1","","","","","1","5","","","","8","0","0","0","0","0","0","8","",""
"174","宮之阪東公園","34.81177417","135.6621127","枚方市宮之阪４丁目１８−２２","1353.60","0.135","","1","","","1","","","","","","","","","1","","","","","1","4","1","","","0","0","0","0","0","0","0","0","",""
"175","宮之阪公園","34.81271026","135.6583408","枚方市宮之阪３丁目１２−１","555.49","0.056","","1","","","1","","1","","","","","1","","1","","","","","1","2","","","","","","","","","","","","",""
"176","村野西町公園","34.80013181","135.6619041","枚方市村野西町４","951.61","0.095","","1","","","1","","","1","","","","","","1","","","","","","4","","","","3","0","0","0","0","0","0","3","",""
"177","村野東町公園","34.80030468","135.6705973","枚方市村野東町２７−７","490.44","0.049","","1","","","1","","","1","","","","","","","","","","","1","3","","","","","","","","","","","","",""
"178","村野南町公園","34.79900666","135.6626041","枚方市村野南町","3161.18","0.316","","","","","","","","1","","","","","1","1","","","","","1","4","","","","0","0","0","0","0","0","0","0","",""
"179","村野公園","34.80296253","135.6655698","枚方市村野本町９−２","1095.00","0.11","","","","1","1","","","","","","","1","","","","","","","","3","","","","15","0","0","0","0","0","0","15","",""
"180","三栗東公園","34.83579199","135.6598676","枚方市三栗１丁目１７−２０","809.49","0.081","","","","1","1","","","1","","","","","","1","","","","","1","4","","","","2","0","0","0","0","0","0","2","",""
"181","三栗南公園","34.83487289","135.6574727","枚方市三栗１丁目２４−１２","498.43","0.05","","","","1","1","","","","","","","","","1","","","","","1","3","","","","","","","","","","","","",""
"182","面取公園","34.85621427","135.6850233","枚方市楠葉朝日１丁目１５−６","1038.76","0.104","","","","1","1","","","","","","","","","1","","","","","1","6","","","","","","","","","","","","",""
"183","薬師谷公園","34.82787843","135.7034306","枚方市長尾西町１丁目３０−２９","6513.00","0.651","","","","1","1","","","","","","","","","1","","","2","","1","3","","","","4","0","0","0","0","5","0","9","",""
"184","養父東公園","34.84568942","135.675069","枚方市養父東町５−１","3068.00","0.307","","","","1","1","","","","","","","","","1","","","","1","1","2","","","","3","0","0","0","0","0","0","3","",""
"185","養父元町公園","34.84909291","135.6719119","枚方市養父元町４６−１","2661.05","0.266","","","","","","","","","","","","","1","1","","","","","1","12","1","","","0","2","0","0","0","0","0","2","",""
"186","山原公園","34.85201111","135.6874211","枚方市東船橋２丁目１０９−１９","1415.24","0.142","","","","1","","","","","","","","","","1","","","","","1","2","1","","","6","0","0","0","0","0","0","6","",""
"187","淀見公園","34.79316149","135.6431202","枚方市香里ケ丘８丁目５","5426.24","0.543","","","","1","1","","","1","","","","1","","1","","","","","1","16","","","","52","0","0","0","0","0","7","59","",""
"188","らんぱん公園","34.84064134","135.6662145","枚方市牧野阪３丁目５−１０","629","0.063","","","","","","","","","","","","","","","","","","","1","1","1","","","0","0","0","0","0","0","2","2","サトザクラ",""
"189","六反町公園","34.86080303","135.6866342","枚方市楠葉朝日３丁目７−１０","1033.05","0.103","","1","","","1","","","1","","","","","","1","","","","","1","3","","","","","","","","","","","","",""
"190","わさ谷公園","34.7992363","135.6398789","枚方市東中振１丁目１５−７","583.98","0.058","","1","","","1","","","","","","","","","1","","","","","1","4","","","","","","","","","","","","",""
"191","王仁公園","34.81796782","135.7069757","枚方市王仁公園１−１","92940.00","9.294","○","1","","","1","","1","","","","1","","","1","1","","","2","3","108","5","2","","267","21","10","2","0","64","65","429","ヤエベニシダレ",""
"192","藤阪北町西公園","34.82401603","135.7031792","枚方市藤阪北町１−７","","","","","","","1","","","1","","","","","","","","","","","","","","","","3","0","0","0","0","0","0","3","",""
"193","藤阪北町公園","34.82349736","135.7049549","枚方市藤阪北町４−１３","","","","1","","","1","","","1","","","1","1","","1","","","","","","4","","","","4","0","0","0","0","0","0","4","",""
"194","北谷川緑地","34.82384639","135.7012825","枚方市長尾谷町３丁目１０−１","","","","","","","","","","","","","","","","","","","","","","3","1","","","11","0","0","0","0","0","0","11","",""
"195","日置台緑地","34.83053099","135.6875657","枚方市招提南町３丁目２３−１０","","","","","","","","","","","","","","","","","","","","1","","10","","","","9","0","0","0","0","0","0","9","",""
"196","山之上北公園","34.80419569","135.6494206","枚方市山之上西町５−１２","","","","1","","1","1","","","1","","","","","","1","","","1","","","3","","","","","","","","","","","","",""
"197","伊加賀西町北公園","34.80704978","135.6252373","枚方市伊加賀西町５５−１８","","","","1","","","1","","","","","","","","","1","","","","","1","6","2","","","","","","","","","","","",""
"198","伊加賀西町東公園","34.80651338","135.6301376","枚方市伊加賀西町７１","","","","1","","","1","","","","","","","","","1","","","","","1","5","","","","","","","","","","","","",""
"199","伊加賀西町南公園","34.80489099","135.6239008","枚方市伊加賀西町４５−２２","","","","","","1","","","","","","","","","1","1","","","","","1","7","2","","","2","0","0","0","0","0","0","2","",""
"200","伊加賀西町公園","34.80954097","135.6298305","枚方市伊加賀西町３０−４０","","","","","","1","1","","","","","","","","","1","","","","","1","6","2","","","7","0","0","0","0","0","1","8","",""
