"NO","名　　　　称","緯度","経度","住所","面積（�u）","面積（ha）","一時緊急　　　避難地","ブランコ _2連 ","ブランコ_3連","ブランコ_4連","スベリ台","低鉄棒_１連","低鉄棒_２連","低鉄棒_３連","低鉄棒_４連","低鉄棒_５連","シーソー","ジャングルジム","複合遊具_鋼製","砂場","ラダー","健康遊具","ﾌﾟﾚｲｽｶﾙﾌﾟﾁｬｰ","便所","水飲","ベンチ","四阿・ｼｪﾙﾀｰ","駐車場有料施設専用","駐車場","桜_ソメイヨシノ","桜_オオシマザクラ","桜_カンヒザクラ","桜_シダレザクラ","桜_カワズザクラ　","桜_ヤマザクラ","桜_その他","桜_合計","桜_その他品種","景色の良い公園","",""
"1","あおぞらひろば","34.80317213","135.7271898","大阪府枚方市尊延寺３丁目１−４７","1343.39","0.134","","","","","","","","","","","","","1","","","","","","","","","","","0","0","0","0","0","0","1","1","エドヒガン","","aozora square","3-1-47, sonenji, hirakata-shi, osaka-fu"
"2","あかね丘公園","34.8008958","135.6331999","大阪府枚方市北中振１丁目１(府道21号線沿い)","548.17","0.055","","","","1","1","","","1","","","","","","1","","","1","","1","7","1","","","","","","","","","","","","","akaneoka park","1-1, kitanakaburi, hirakata-shi, osaka-fu"
"3","旭ヶ丘中央公園","34.77635257","135.6529001","大阪府枚方市東香里南町２１−１２","1930.77","0.193","","1","","","1","","","","","","","","","1","","","","","1","2","","","","1","0","0","0","0","0","0","1","","","asahigaokachuuou park","21-12, higashikouriminamimachi, hirakata-shi, osaka-fu"
"4","旭ヶ丘西公園","34.77780792","135.6507224","大阪府枚方市東香里南町３１−２３","1886.19","0.189","","1","","","1","","","","","","","","","1","","","","","1","6","","","","6","0","0","0","0","0","0","6","","","asahigaokanishi park","31-23, higashikouriminamimachi, hirakata-shi, osaka-fu"
"5","旭ヶ丘東公園","34.77616526","135.655468","大阪府枚方市東香里南町５４−１１","842.63","0.084","","","","1","1","","","1","","","","","","1","","","","","","5","","","","","","","","","","","","","","asahigaokahigashi park","54-11, higashikouriminamimachi, hirakata-shi, osaka-fu"
"6","あんご公園","34.80975156","135.6529164","大阪府枚方市東田宮１丁目５−１２","2743.14","0.274","","","","","","","","","","","","","1","1","","","","","1","14","","","","8","0","8","0","0","0","0","16","","","ango park","1-5-12, higashitamiya, hirakata-shi, osaka-fu"
"7","伊加賀栄公園","34.80588501","135.6353846","大阪府枚方市伊加賀栄町１０−２９","2825.96","0.283","","1","","","1","","","","","","","","","1","","","","1","","8","1","","","1","0","0","0","0","0","0","1","","","ikagasakae park","10-29, ikagasakaemachi, hirakata-shi, osaka-fu"
"8","伊加賀山公園","34.79784152","135.6457699","大阪府枚方市香里ケ丘６丁目２０","4433.82","0.443","","","1","","1","","","","","","1","","","","","","","","","3","","","","28","0","0","0","0","0","0","28","","","ikagayama park","6-20, kourigaoka, hirakata-shi, osaka-fu"
"9","伊加賀公園","34.81138525","135.6376873","大阪府枚方市堤町７−２","948.36","0.095","","1","","","1","","","","","1","","1","","","","","","","1","4","","","","14","0","0","0","0","0","2","16","","","ikaga park","7-2, tsutsumichou, hirakata-shi, osaka-fu"
"10","池之宮西公園","34.81156769","135.6706329","大阪府枚方市池之宮２丁目２３−１３","829.02","0.083","","1","","","1","","1","","","","","","","1","","","","","1","2","","","","1","0","0","0","0","0","0","1","","","ikenomiyanishi park","2-23-13, ikenomiya, hirakata-shi, osaka-fu"
"11","以楽公園","34.79620283","135.6484142","大阪府枚方市香里ケ丘５丁目２−８","8047.64","0.805","","","","","","","","","","","","","","","","","","","","6","","","","32","0","0","0","0","0","0","32","サトザクラ","","iraku park","5-2-8, kourigaoka, hirakata-shi, osaka-fu"
"12","印田町ふれあい公園","34.80460249","135.6675873","大阪府枚方市印田町４３−１５","5700.00","0.57","","","","","","","1","","","","","","1","","","4","2","1","1","13","1","","","4","0","1","0","0","0","0","5","","","indachou fureai park","43-15, indachou, hirakata-shi, osaka-fu"
"13","うしろ谷公園","34.84957671","135.7023107","大阪府枚方市高野道２丁目２４−１１","2962.81","0.296","","","","1","1","","","1","","","","1","","1","","","","","1","8","","","","0","0","0","0","0","0","15","15","ヤエザクラ","","ushirodani park","2-24-11, kouyamichi, hirakata-shi, osaka-fu"
"14","宇山東公園","34.84314796","135.672897","大阪府枚方市養父丘１丁目１０−２７","2417.60","0.242","","","","","","","","","","","","","1","1","","","","","1","10","1","","","0","0","0","0","0","9","0","9","","","uyamahigashi park","1-10-27, yabugaoka, hirakata-shi, osaka-fu"
"15","岡東中央公園","34.8149243","135.6500978","大阪府枚方市岡東町７−５","4932.78","0.493","","","1","","","","","","","","","","1","1","","2","","1","1","6","1","","","0","0","0","1","0","0","1","2","アマノガワ","","okahigashichuuou park","7-5, okahigashichou, hirakata-shi, osaka-fu"
"16","岡東公園","34.81422319","135.6473807","大阪府枚方市岡東町１６−１０","1907.37","0.191","","1","","","1","","","","","","","","","1","","","","","1","4","","","","3","0","0","0","0","0","0","3","","","okahigashi park","16-10, okahigashichou, hirakata-shi, osaka-fu"
"17","岡本町公園","34.81503975","135.6466252","大阪府枚方市岡本町８−２０","1060.04","0.106","","","","","","","","","","","","","1","1","","","","","1","12","","","","","","","","","","","","","","okahonmachi park","8-20, okahonmachi, hirakata-shi, osaka-fu"
"18","小倉東公園","34.83549387","135.669184","大阪府枚方市小倉東町２６−６","557.49","0.056","","1","","","1","","","1","","","1","","","1","","","","","","2","","","","2","0","0","0","0","0","0","2","","","ogurahigashi park","26-6, ogurahigashimachi, hirakata-shi, osaka-fu"
"19","御茶屋御殿跡展望広場","34.81379284","135.6426304","大阪府枚方市枚方元町１−２１","1980.00","0.198","","","","","","","","","","","","","","","","","","","1","6","1","","","0","0","0","4","0","7","0","11","","○","ochiyayagotenatostembou square","1-21, hirakatamotomachi, hirakata-shi, osaka-fu"
"20","開成公園","34.79206188","135.6565579","大阪府枚方市香里ケ丘２丁目５","3561.00","0.356","","","","","","","","","","","","","","","","","","","1","12","","","","0","0","0","0","0","0","27","27","ヤエザクラ","","kaisei park","2-5, kourigaoka, hirakata-shi, osaka-fu"
"21","甲斐田公園","34.82832211","135.6716003","大阪府枚方市交北１丁目２−１１","1150.03","0.115","","1","","","1","","","","","","","1","","","","","","","1","2","","","","3","0","0","0","0","0","0","3","","","kaida park","1-2-11, kouhoku, hirakata-shi, osaka-fu"
"22","風見の丘公園","34.80469931","135.7067307","大阪府枚方市津田山手１丁目３０−１","2501.66","0.25","","","","","","","","","","","","","","1","","","","","1","4","1","","","9","0","0","0","0","0","0","9","","","kazaminooka park","1-30-1, tsudayamate, hirakata-shi, osaka-fu"
"23","春日野公園","34.80925367","135.6897852","大阪府枚方市春日野２丁目３−２５","693.41","0.069","","","","","","","","","","","","","","","","","","","1","3","1","","","7","0","0","0","0","0","0","7","","","kasugano park","2-3-25, kasugano, hirakata-shi, osaka-fu"
"24","春日元町公園","34.80263659","135.6881298","大阪府枚方市春日元町１丁目２０−５","2569.12","0.257","","","","1","1","","","1","","","","","2","1","","1","","","1","5","2","","","9","0","0","0","0","0","0","9","","","kasugamotomachi park","1-20-5, kasugamotomachi, hirakata-shi, osaka-fu"
"25","春日公園","34.78041053","135.6601077","大阪府枚方市高田２丁目２５−４５","3436.39","0.344","","","","","1","","","","","","","","2","","","","","","1","8","","","","32","0","0","0","0","0","0","32","","","kasuga park","2-25-45, kouda, hirakata-shi, osaka-fu"
"26","片鉾東公園","34.83427296","135.6765658","大阪府枚方市片鉾東町３２−３","884.49","0.088","","1","","","1","","1","","","","","","","","","","","","1","6","","","","1","0","0","0","0","0","0","1","","","katahokohigashi park","32-3, katahokohigashimachi, hirakata-shi, osaka-fu"
"27","金崎公園","34.85725616","135.6876175","大阪府枚方市楠葉朝日１丁目１７−１７","1024.71","0.102","","1","","","1","","","","","","","","","1","","","","","1","4","","","","","","","","","","","","","","kanasaki/kanezaki park","1-17-17, kuzuhaasahi, hirakata-shi, osaka-fu"
"28","釜ヶ谷公園","34.82767356","135.719349","大阪府枚方市長尾東町２丁目３４−５","858.29","0.086","","","","1","1","","","","","","1","","","1","","","","","","5","","","","3","0","0","0","0","0","0","3","","","kamagatani park","2-34-5, nagaohigashimachi, hirakata-shi, osaka-fu"
"29","上島北公園","34.85055267","135.668434","大阪府枚方市牧野北町８","924.11","0.092","","","","","","","","","1","1","","","","","","","","","","8","","","","2","0","0","0","0","0","0","2","","","kamijimakita park","8, makinokitamachi, hirakata-shi, osaka-fu"
"30","上島町公園","34.84772669","135.668336","大阪府枚方市上島町４−１１","772.18","0.077","","","","","","","","","","","","","1","1","","","","","1","10","","","","","","","","","","","","","","kamijimachou park","4-11, kamijimachou, hirakata-shi, osaka-fu"
"31","上島東公園","34.84951362","135.6678391","大阪府枚方市牧野北町７","2328.62","0.233","","1","","","1","","","","","","1","1","","1","","","","","","31","","","","3","0","0","0","0","0","0","3","","","kamijimahigashi park","7, makinokitamachi, hirakata-shi, osaka-fu"
"32","上島南公園","34.84807492","135.6650949","大阪府枚方市牧野北町６−３","2839.54","0.284","","","","1","1","","","1","","","1","1","","1","","","","","1","16","","","","64","0","10","0","0","0","0","74","","","kamijimaminami park","6-3, makinokitamachi, hirakata-shi, osaka-fu"
"33","上之町公園","34.80824725","135.6435501","大阪府枚方市枚方上之町１４−１１","559.93","0.056","","","","","","","","","","","","","","1","","","","","1","19","","","","2","0","0","0","0","0","0","2","","","uenochou park","14-11, hirakatakaminochou, hirakata-shi, osaka-fu"
"34","観月公園","34.78633738","135.6478115","大阪府枚方市香里ケ丘１１丁目２−１３","6307.57","0.631","","","","","","","","","","","","","","","","","","","","","","","","9","0","19","0","0","0","0","28","","","kangetsu/mitsuki/mizuki park","11-2-13, kourigaoka, hirakata-shi, osaka-fu"
"35","観音山公園","34.78889273","135.6532805","大阪府枚方市香里ケ丘１２丁目６−１６","7899.21","0.79","","","","","","","","","","","","","","","","3","","","","11","","","","101","0","0","0","0","0","0","101","ヤエザクラ","","kannonyama park","12-6-16, kourigaoka, hirakata-shi, osaka-fu"
"36","菊丘東公園","34.80500119","135.6445118","大阪府枚方市菊丘町３１−６","953.76","0.095","","","","1","1","","","","","","","1","","1","","","3","","1","7","","","","16","0","0","0","0","0","0","16","","","kikugaoka park","31-6, kikugaokachou, hirakata-shi, osaka-fu"
"37","菊丘南公園","34.79903228","135.6449834","大阪府枚方市菊丘南町５−２","970.12","0.097","","1","","","1","","1","","","","","","","1","","","2","","1","7","","","","24","0","0","0","0","0","0","24","","","kikugaokaminami park","5-2, kikugaokaminamimachi, hirakata-shi, osaka-fu"
"38","菊丘公園","34.80503675","135.6421191","大阪府枚方市菊丘町１０−２","751.5","0.075","","","","1","","","","","","","1","","","1","","","1","","","8","","","","","","","","","","","","","","kikugaoka park","10-2, kikugaokachou, hirakata-shi, osaka-fu"
"39","北楠葉公園","34.870496","135.6841328","大阪府枚方市北楠葉町３６−２６","722.65","0.072","","1","","","1","","","1","","","","","","1","","","","","1","4","","","","","","","","","","","","","","kitakuzuha park","36-26, kitakuzuhachou, hirakata-shi, osaka-fu"
"40","北谷川西公園","34.82389446","135.6968748","大阪府枚方市山田池東町１８−３５","1014.42","0.101","","","","","1","","","1","","","","","","1","","","1","","","4","","","","","","","","","","","","","","kitadani/kitatani/kawanishi park","18-35, yamadaikehigashimachi, hirakata-shi, osaka-fu"
"41","北谷川公園","34.82330656","135.6998255","大阪府枚方市長尾谷町３丁目８−３０","2805.10","0.281","","1","","","1","","","","","","","1","","","","","","","1","","","","","0","0","0","0","0","0","0","0","","","chatan/kitadani/kitatani/kitayagawa/kawa/kawakatsu/sen park","3-8-30, nagaotanimachi, hirakata-shi, osaka-fu"
"42","北谷公園","34.79501403","135.6474448","大阪府枚方市香里ケ丘７丁目２−３","4302.33","0.43","","","","","","","","","","","","","","","","","","","","5","","","","5","0","0","0","0","0","0","5","","","chatan/kitadani/kitatani/kitaya park","7-2-3, kourigaoka, hirakata-shi, osaka-fu"
"43","北山中央公園","34.84104839","135.7023279","大阪府枚方市北山１丁目３２−１０","2549.79","0.255","","","","","","","","","","","","","1","1","","","","","1","8","1","","","0","0","0","0","0","1","0","1","","","kitayamachuuou park","1-32-10, kitayama, hirakata-shi, osaka-fu"
"44","北山南公園","34.83734722","135.6996198","大阪府枚方市北山１丁目６２−８","2500.24","0.25","","","","","2","","","","","","","","","","","","","","1","1","1","","","0","0","0","0","0","0","5","5","","","kitayamaminami park","1-62-8, kitayama, hirakata-shi, osaka-fu"
"45","北山公園","34.84495691","135.7029991","大阪府枚方市長尾家具町１丁目２−１２","20103.74","2.01","○","1","","","1","","","","","","","","1","1","","","","1","3","16","","","","27","0","0","0","0","0","0","27","ヤエアケボノ,ハクサンオオデマリ","","kitayama park","1-2-12, nagaokagumachi, hirakata-shi, osaka-fu"
"46","禁野車塚公園","34.81087654","135.656891","大阪府枚方市宮之阪５丁目３−１４","5830.95","0.583","","","","","","","","","","","","","1","1","","","","","","4","1","","","","","","","","","","","","","kinyakurumatsuka/kurumazuka park","5-3-14, miyanosaka, hirakata-shi, osaka-fu"
"47","禁野本町遺跡公園","34.82163761","135.6606988","大阪府枚方市中宮北町１３−２０","500.15","0.05","","","","","","","","","","","","","","","","","","","1","","","","","","","","","","","","","","","kinyahommachiiseki park","13-20, nakamiyakitamachi, hirakata-shi, osaka-fu"
"48","九頭神廃寺跡公園（西）","34.83940176","135.6727707","大阪府枚方市牧野本町１丁目３２−２","1154.90","0.115","","","","","","","","","","","","","1","","","2","","","","2","1","","","0","0","2","1","0","0","0","3","","","kuzugami/jin/kami/kan/kou/shinhaijiato/seki park（nishi/sai/sei/sha/shaa/zai）","1-32-2, makinohommachi, hirakata-shi, osaka-fu"
"49","楠葉中央公園","34.85941359","135.6807459","大阪府枚方市楠葉並木２丁目１５−３","10717.03","1.072","○","1","","","","","","","","","","","","1","","","","1","1","49","","","","53","0","0","0","0","0","3","56","ヤエザクラ,ハクサンオオデマリ","","kuzuhanakaakira/au/hiro/hiroshi/hisa/hisashi/o/ou park","2-15-3, kuzuhanamiki, hirakata-shi, osaka-fu"
"50","楠葉中町西公園","34.86915472","135.6800425","大阪府枚方市楠葉中町２６−１０","842.39","0.084","","1","","","1","","","","","","1","","","1","","","","","1","3","","","","","","","","","","","","","","kuzuhanakamachinishi park","26-10, kuzuhanakamachi, hirakata-shi, osaka-fu"
"51","楠葉中町東公園","34.86802615","135.6828279","大阪府枚方市楠葉中町６７−４","601.93","0.06","","1","","","","","","","","","1","","","1","","","","","1","3","","","","3","0","0","0","0","0","0","3","","","kuzuhanakamachihigashi park","67-4, kuzuhanakamachi, hirakata-shi, osaka-fu"
"52","楠葉東公園","34.86072875","135.6918169","大阪府枚方市 くずはアベニュー","26716.87","2.672","○","","","1","2","","","","","","1","","","1","1","","3","1","2","38","","","","98","0","1","2","0","0","2","103","ヤエザクラ","","kuzuhahigashi park","ー, nyu, be, a, ha, zu, ku, , , hirakata-shi, osaka-fu"
"53","百済寺跡公園","34.81569279","135.6607627","大阪府枚方市中宮西之町１−３０","21514.35","2.151","○","1","","","1","","1","","","","1","","","","1","","","1","1","11","","","","28","0","0","0","0","0","0","28","","","hyakusaijiato/seki park","1-30, nakamiyanishinochiyou/nakamiyanishinochou, hirakata-shi, osaka-fu"
"54","くにみの丘公園","34.80780408","135.7099953","大阪府枚方市津田山手１丁目１５−１２","13631.44","1.363","○","","","","","","","","","","","","1","","","","","1","1","7","1","","","12","0","0","0","0","0","7","19","サトザクラ","○","kuniminokyuu/oka/takashi/tsukasa park","1-15-12, tsudayamate, hirakata-shi, osaka-fu"
"55","車谷公園","34.84486006","135.7090602","大阪府枚方市長尾家具町２丁目３−１９","5537.17","0.554","","","","1","","","","","","","","","2","1","","","","1","1","3","","","","31","0","0","0","0","0","0","31","","","kurumadani/kurumatani park","2-3-19, nagaokagumachi, hirakata-shi, osaka-fu"
"56","車塚公園","34.8335464","135.6690309","大阪府枚方市小倉東町４０−１","50164.51","5.016","○","","","","1","","","","","","","","","1","","9","","1","2","25","2","","3","27","15","3","8","28","0","1","82","淡墨桜","","kurumatsuka/kurumazuka park","40-1, ogurahigashimachi, hirakata-shi, osaka-fu"
"57","桑ヶ谷公園","34.79585598","135.6594299","大阪府枚方市香里ケ丘１丁目４−２","12066.89","1.207","○","","","","","","","","","","","","","","","","","","","2","","","","5","0","0","0","0","0","0","5","","","kuwa/soukedani/koku/tani/ya/yatsu park","1-4-2, kourigaoka, hirakata-shi, osaka-fu"
"58","けやき坂公園","34.82529551","135.7019713","大阪府枚方市長尾谷町２丁目５２５","1860.03","0.186","","","","1","1","","","","","","","","","1","","","1","","1","6","","","","0","0","0","0","0","10","0","10","","","keyakiban/han/saka/zaka park","2-525, nagaotanimachi, hirakata-shi, osaka-fu"
"59","甲須公園","34.82079531","135.6760639","大阪府枚方市甲斐田新町２１−１４","2674.08","0.267","","","","","1","","","","","","","1","","1","","","","","1","5","2","","","4","0","0","0","0","0","0","4","","","kabuto/kan/kinoe/kou/masarushu/su park","21-14, kaidashimmachi, hirakata-shi, osaka-fu"
"60","交北北公園","34.83045842","135.682009","大阪府枚方市交北３丁目１０−５","733.44","0.073","","","","","1","","","","","","","","","","","","","","1","5","","","","","","","","","","","","","","kouhokuhoku/kita/pee/pei/peki park","3-10-5, kouhoku, hirakata-shi, osaka-fu"
"61","交北公園","34.8285473","135.6812548","大阪府枚方市交北４丁目５６０−２","31746.00","3.175","○","","","","2","","","","","","","","2","2","","7","","1","1","52","3","","","49","0","0","2","0","9","0","60","","○","kouhoku park","4-560-2, kouhoku, hirakata-shi, osaka-fu"
"62","高野道東公園","34.84713223","135.6991303","大阪府枚方市高野道２丁目３４−２６","999","0.1","","1","","","1","","","1","","","","","","","","","2","","1","4","","","","3","0","0","0","0","0","0","3","","","kouyamichihigashi park","2-34-26, kouyamichi, hirakata-shi, osaka-fu"
"63","高野道南公園","34.84846889","135.6992095","大阪府枚方市高野道２丁目４３−２","2039.18","0.204","","1","","","2","","1","","","","","2","","1","","","","1","2","13","","","","","","","","","","","","","","kouyamichiminami park","2-43-2, kouyamichi, hirakata-shi, osaka-fu"
"64","高野道公園","34.8508206","135.7018691","大阪府枚方市高野道２丁目２０ 東高野街道","579.65","0.058","","","","","1","","","1","","","","","","1","","","","","1","2","","","","0","0","0","0","0","0","6","6","ヤエザクラ","","kouyamichi park","gaidou/kaidou, higashigouya, , 2-20, kouyamichi, hirakata-shi, osaka-fu"
"65","香陽北公園","34.78756643","135.653107","大阪府枚方市香里ケ丘１１丁目３５−５２","1125.48","0.113","","","","","1","","","1","","","","1","","1","","","","","","3","","","","","","","","","","","","","","ka/kaori/kaoru/kou/kouyatsu/kyouakira/hi/youhoku/kita/pee/pei/peki park","11-35-52, kourigaoka, hirakata-shi, osaka-fu"
"66","香陽公園","34.78599648","135.6513289","大阪府枚方市香里ケ丘１１丁目２０−３９","784.28","0.078","","","","","1","","","1","","","","1","","1","","","","","","4","","","","3","0","0","0","0","0","0","3","","","ka/kaori/kaoru/kou/kouyatsu/kyouakira/hi/you park","11-20-39, kourigaoka, hirakata-shi, osaka-fu"
"67","香里ヶ丘中央公園","34.79140629","135.6522528","大阪府枚方市香里ケ丘３丁目１１−２９","26192.00","2.619","○","","","","1","","","","","","","","","1","","","","1","1","27","1","1","","48","0","0","0","0","0","0","48","エドヒガン,ハクサンオオデマリ","","kaori/kohri/kourikekyuu/oka/takashi/tsukasachuuou park","3-11-29, kourigaoka, hirakata-shi, osaka-fu"
"68","香里ヶ丘西公園","34.79306705","135.6463783","大阪府枚方市香里ケ丘８丁目１８−２","9495.39","0.95","","1","","1","1","","","1","","","","","","1","1","","","","1","9","","","","20","0","0","0","0","0","0","20","","","kaori/kohri/kourikekyuu/oka/takashi/tsukasanishi park","8-18-2, kourigaoka, hirakata-shi, osaka-fu"
"69","香里ヶ丘東公園","34.79070928","135.6572884","大阪府枚方市香里ケ丘１２丁目１８−９","11408.22","1.141","○","","","","","","","1","","","","","","","","","","","","4","","","","16","0","0","0","0","0","0","16","コウヨウザクラ,ハクサンオオデマリ","","kaori/kohri/kourikekyuu/oka/takashi/tsukasahigashi park","12-18-9, kourigaoka, hirakata-shi, osaka-fu"
"70","香里ヶ丘南公園","34.7860374","135.6453645","大阪府枚方市香里ケ丘１０丁目３７３５−１２","19830.50","1.983","","","","1","1","","","1","","","1","1","","","","","","","1","4","","","","53","0","0","0","0","0","0","53","","","kaori/kohri/kourikekyuu/oka/takashi/tsukasaminami park","10-3735-12, kourigaoka, hirakata-shi, osaka-fu"
"71","香里の森公園","34.7890981","135.6375818","大阪府枚方市香里園山之手町５２−２","5190.81","0.519","","1","","","1","","1","","","","","","","1","","","","1","2","8","2","","","25","0","0","0","0","0","0","25","","","kaori/kohri/kourinomori/shin park","52-2, kourienyamanotechou, hirakata-shi, osaka-fu"
"72","香里ヒルズ北公園","34.79756719","135.636241","大阪府枚方市東中振２丁目１−３２","1257.67","0.126","","","","","1","","","","","","","1","","1","","","","","1","4","","","","","","","","","","","","","","kaori/kohri/kourihiruzuhoku/kita/pee/pei/peki park","2-1-32, higashinakaburi, hirakata-shi, osaka-fu"
"73","香里ヒルズ中央公園","34.79466593","135.6402977","大阪府枚方市東中振２丁目２８−３","2068.61","0.207","","","","1","1","","","1","","","","","","1","","","","","1","6","1","","","","","","","","","","","","","kaori/kohri/kourihiruzuchuuou park","2-28-3, higashinakaburi, hirakata-shi, osaka-fu"
"74","五常公園","34.79855533","135.6464949","大阪府枚方市香里ケ丘６丁目３−１５","3097.60","0.31","","","","","1","","","1","","","","","1","1","","","","","1","5","","","","9","0","0","0","0","0","0","9","","","gojou park","6-3-15, kourigaoka, hirakata-shi, osaka-fu"
"75","御殿山公園","34.82943287","135.6565378","大阪府枚方市渚本町１２−６０","702.7","0.07","","","","1","1","","","","","","","","","1","","","","","1","3","","","","10","0","0","0","0","0","0","10","","","gotenyama park","12-60, nagisahommachi, hirakata-shi, osaka-fu"
"76","阪今池公園","34.83978437","135.6646785","大阪府枚方市黄金野１丁目３−５１","18854.47","1.885","○","","","","1","","","","","","","","1","1","","","","1","1","16","","","","15","0","0","0","0","0","0","15","","","ban/han/sakaimaike park","1-3-51, koganeno, hirakata-shi, osaka-fu"
"77","桜丘公園","34.8057919","135.6682901","大阪府枚方市桜丘町４５−２","635.53","0.064","","","","","1","","","","","","","","","1","","","","","1","3","1","","","3","0","0","0","0","4","0","7","","","sakuragaoka/sakuraoka park","45-2, sakuragaokachou, hirakata-shi, osaka-fu"
"78","桜公園","34.79434208","135.6536442","大阪府枚方市宮之下町２４−１","6414.12","0.641","","","","","","","1","","","","","1","1","1","","","","","1","10","4","","","56","0","0","0","0","0","0","56","","","au/o/ou/sakura/zakura park","24-1, miyanoshitachou, hirakata-shi, osaka-fu"
"79","笹谷公園","34.84139938","135.7083187","大阪府枚方市長尾家具町２丁目１４","6360.82","0.636","","1","","","1","","","","","","1","1","","1","","","","1","1","7","","","","7","0","0","0","0","4","0","11","","","sakitani/sasadani/sasatani/sasaya park","2-14, nagaokagumachi, hirakata-shi, osaka-fu"
"80","さだ山公園","34.79091432","135.6438264","大阪府枚方市香里ケ丘８丁目２７−７","4137.83","0.414","","","","1","1","","","1","","","","1","","1","","","","","1","10","","","","5","0","0","2","0","0","0","7","","","sadasan/yama/zan park","8-27-7, kourigaoka, hirakata-shi, osaka-fu"
"81","さつき丘北公園","34.80355485","135.6479253","大阪府枚方市山之上西町６−３４","3056.78","0.306","","","","1","1","","","","","","1","1","","1","","","","","1","7","","","","22","0","0","0","0","0","0","22","ヤエザクラ","","satsukikyuu/oka/takashi/tsukasahoku/kita/pee/pei/peki park","6-34, yamanouenishimachi, hirakata-shi, osaka-fu"
"82","さつき丘中央公園","34.80176061","135.6485058","大阪府枚方市山之上西町１６−２２","1104.97","0.11","","","1","","1","","","","","","","","","1","","","","","1","7","","","","1","0","0","0","0","0","0","1","","","satsukikyuu/oka/takashi/tsukasachuuou park","16-22, yamanouenishimachi, hirakata-shi, osaka-fu"
"83","さつき丘南公園","34.80006351","135.6472115","大阪府枚方市山之上５丁目３７−１","1511.50","0.151","","","","","","","","","","","","","1","1","","","","","1","5","","","","9","0","0","0","0","0","0","9","","","satsukikyuu/oka/takashi/tsukasaminami park","5-37-1, yamanokami/yamanoue, hirakata-shi, osaka-fu"
"84","獅子口公園","34.83659713","135.706208","大阪府枚方市長尾家具町４丁目１５−２０","3346.51","0.335","","","","1","1","","","","","","","1","","1","","","2","1","1","4","","","","9","0","0","0","0","0","0","9","","","chishi/jishi/shishiguchi/kou/ku/kuchi/kuchida park","4-15-20, nagaokagumachi, hirakata-shi, osaka-fu"
"85","市民の森","34.8654391","135.6898442","大阪府枚方市楠葉丘２丁目１０−１","28315.00","2.832","○","","","","","","1","","","","","","1","1","","","","2","1","17","1","","2","50","1","0","0","0","0","3","54","サトザクラ,淡墨桜","","shiminnomori/shin","2-10-1, kuzuhaoka, hirakata-shi, osaka-fu"
"86","下田公園","34.85695536","135.6800293","大阪府枚方市楠葉並木１丁目１４−３３","1038.10","0.104","","1","","","","","","","","","","","","1","","","","1","","2","","","","2","0","0","0","0","0","0","2","","","geda/misada/shimoda/shimota/shitada/shitata park","1-14-33, kuzuhanamiki, hirakata-shi, osaka-fu"
"87","神社公園","34.86709112","135.6896299","大阪府枚方市楠葉丘２丁目１８−１","1127.47","0.113","","","","","","","","","","","","","","","","","","1","","3","","","","17","0","0","0","0","0","0","17","","","jinja/kamikoso park","2-18-1, kuzuhaoka, hirakata-shi, osaka-fu"
"88","翠香園ふれあい公園","34.79981071","135.6367234","大阪府枚方市翠香園町８−５","6809.94","0.681","","1","","","1","","1","","","","","","1","1","1","1","","1","2","14","2","","","12","0","0","0","0","0","1","13","","","sui parkfureai park","8-5, suikouenchou, hirakata-shi, osaka-fu"
"89","スーパーバンク伊加賀公園","34.80742762","135.6241999","大阪府枚方市伊加賀西町１−１","1640.00","0.164","","","","","","","","","","","","","","","","","","","1","2","","","","","","","","","","","","","","suーpaーbankuikaga park","1-1, ikaganishimachi, hirakata-shi, osaka-fu"
"90","末広公園","34.79405582","135.6442479","大阪府枚方市香里ケ丘８丁目１１−３１","2860.69","0.286","","1","","","1","","","","","","","1","","1","","","","","1","2","","","","2","0","4","0","0","0","3","9","ハクサンオオデマリ","","mabiro/suehiro park","8-11-31, kourigaoka, hirakata-shi, osaka-fu"
"91","杉山手北公園","34.8163286","135.7243308","大阪府枚方市杉山手３丁目３２−１６","807.96","0.081","","1","","","1","","","","","","1","","","","","","","","","12","","","","2","0","0","0","0","0","0","2","","","sugiyamatehoku/kita/pee/pei/peki park","3-32-16, sugiyamate, hirakata-shi, osaka-fu"
"92","杉山手中央公園","34.81548027","135.7230984","大阪府枚方市杉山手３丁目３６−３９","1406.66","0.141","","","","","","","1","","","","","","1","","","","","","1","3","","","","","","","","","","","","","","sugiyamatechuuou park","3-36-39, sugiyamate, hirakata-shi, osaka-fu"
"93","杉山手西公園","34.81884722","135.7219993","大阪府枚方市杉山手１丁目３２−１","944.31","0.094","","1","","","1","","","","","","","","","1","1","","","","1","3","","","","","","","","","","","","","","sugiyamatenishi park","1-32-1, sugiyamate, hirakata-shi, osaka-fu"
"94","杉山手南公園","34.81460602","135.7224329","大阪府枚方市杉山手３丁目１５−１６","1500.00","0.15","","","","1","1","","","","","","","1","","1","1","","","","1","11","","","","4","0","0","0","0","0","0","4","","","sugiyamateminami park","3-15-16, sugiyamate, hirakata-shi, osaka-fu"
"95","須山中央公園","34.82151374","135.67175","大阪府枚方市須山町１８−１５","909.78","0.091","","","","1","1","","","","","","","","","1","","","","","1","5","","","","14","0","0","0","0","0","0","14","","","suyamachuuou park","18-15, suyamachou, hirakata-shi, osaka-fu"
"96","須山公園","34.82152014","135.6717505","大阪府枚方市須山町１８−１５","1.201.22","0.12","","2","","","1","","","1","","","","1","","","1","","","","1","5","","","","0","0","0","0","1","0","0","1","","","suyama park","18-15, suyamachou, hirakata-shi, osaka-fu"
"97","創造の森","34.79046992","135.6370984","大阪府枚方市香里園山之手町４９−５","4584.11","0.458","","","","","","","","","","","","","","","","","","","","2","","","","10","0","0","1","0","0","0","11","","","souzounomori/shin","49-5, kourienyamanotechou, hirakata-shi, osaka-fu"
"98","宗谷公園","34.79770293","135.7369251","大阪府枚方市宗谷２丁目１７−９","1141.75","0.114","","","","","1","","1","","","","","","","1","","","1","","1","9","","","","","","","","","","","","","","souma/souya park","2-17-9, souma/souya, hirakata-shi, osaka-fu"
"99","宗谷穂谷防災公園","34.79588538","135.7347132","大阪府枚方市宗谷２丁目２９−１","464.18","0.046","","","","","","","","","","","","","","","","","","","","","","","","","","","","","","","","","○","souma/souyahotanibousai park","2-29-1, souma/souya, hirakata-shi, osaka-fu"
"100","尊延寺公園","34.80011737","135.7281665","大阪府枚方市尊延寺５丁目４５−９","935.63","0.094","","1","","","1","","1","","","","","","","1","","","","","1","13","1","","","","","","","","","","","","","sonenji park","5-45-9, sonenji, hirakata-shi, osaka-fu"
"101","空見の丘公園","34.80397124","135.7118159","大阪府枚方市津田山手２丁目２−２０","10400.06","1.04","○","","","","","","","","","","","","","","","","","","1","6","2","","","8","12","0","0","0","16","1","37","","○","soraminokyuu/oka/takashi/tsukasa park","2-2-20, tsudayamate, hirakata-shi, osaka-fu"
"102","代々池公園","34.80927752","135.6941401","大阪府枚方市野村中町２５−１６","1723.57","0.172","","","","1","2","","","","","","","1","","1","","","","","1","3","","","","5","0","0","0","0","0","0","5","","","daidaiike park","25-16, nomuranakamachi, hirakata-shi, osaka-fu"
"103","高塚町北公園","34.80736327","135.6427766","大阪府枚方市高塚町２１−２７","856.76","0.086","","","","","","","","","","","","","","","","","","","1","4","","","","8","0","0","0","0","0","0","8","","","takatsukachou/takatsukamachihoku/kita/pee/pei/peki park","21-27, takatsukachou/takatsukamachi, hirakata-shi, osaka-fu"
"104","高塚町中央公園","34.80652272","135.643109","大阪府枚方市高塚町２１−２０","896.85","0.09","","1","","","","","","","","","","","1","","","","","","1","3","","","","0","0","0","0","0","6","0","6","","","takatsukachou/takatsukamachichuuou park","21-20, takatsukachou/takatsukamachi, hirakata-shi, osaka-fu"
"105","津田駅前東公園","34.80028181","135.6994434","大阪府枚方市津田駅前２丁目２５−５","2821.82","0.282","","","","","","","","","","","","","1","","","6","","","1","11","1","","","0","0","0","1","0","2","2","5","エドヒガン","","tsudaekimaehigashi park","2-25-5, tsudaekimae, hirakata-shi, osaka-fu"
"106","津田南町西公園","34.80024883","135.7021834","大阪府枚方市津田南町１丁目２１−１０","622.09","0.062","","1","","","1","","","","","","","","","1","","","","","1","4","","","","0","0","0","0","0","0","2","2","エドヒガン","","tsudaminamichou/tsudaminamimachinishi park","1-21-10, tsudaminamichou/tsudaminamimachi, hirakata-shi, osaka-fu"
"107","津田南町東公園","34.7998359","135.7054686","大阪府枚方市津田南町１丁目３６−３","556","0.056","","1","","","1","","1","","","","","","","1","","","1","","1","5","","","","5","0","0","0","0","0","0","5","","","tsudaminamichou/tsudaminamimachihigashi park","1-36-3, tsudaminamichou/tsudaminamimachi, hirakata-shi, osaka-fu"
"108","出口北公園","34.80322447","135.6209232","大阪府枚方市出口２丁目２７−１０","1391.98","0.139","","","","1","","","","","","","","1","1","1","","","1","","1","5","","","","2","0","0","0","0","0","0","2","","","deguchi/ideguchihoku/kita/pee/pei/peki park","2-27-10, deguchi/ideguchi, hirakata-shi, osaka-fu"
"109","出口西公園","34.80217933","135.6208361","大阪府枚方市出口６丁目１","983.58","0.098","","","","1","1","","","3","","","","","","1","","","","","1","3","","","","17","0","0","0","0","0","0","17","","","deguchi/ideguchinishi park","6-1, deguchi/ideguchi, hirakata-shi, osaka-fu"
"110","出口ふれあい公園","34.80307135","135.6267714","大阪府枚方市出口２丁目１−１６","6461.47","0.646","","1","","","1","","","1","","","","","","1","2","","","1","2","24","1","","","14","2","0","0","0","0","2","18","ヤエザクラ","","deguchi/ideguchifureai park","2-1-16, deguchi/ideguchi, hirakata-shi, osaka-fu"
"111","天満公園","34.86665552","135.6913309","大阪府枚方市楠葉丘２丁目１３","6714.47","0.671","","","","1","1","1","1","","","","","","","","","","2","1","1","6","","","","8","0","0","0","0","0","1","9","ヤエザクラ","","temma/temman park","2-13, kuzuhaoka, hirakata-shi, osaka-fu"
"112","東部公園","34.80132991","135.745787","大阪府枚方市尊延寺（大字）２９８７","34000","3.4","","","","","","","","","","","","","2","","","7","","2","","","3","1","","0","0","0","0","0","0","65","65","","○","toubu park","2987, ）, daiji/ohaza, （, sonenji, hirakata-shi, osaka-fu"
"113","堂ノ背公園","34.80974314","135.7196995","大阪府枚方市杉１丁目３１−１","6193.81","0.619","","1","","","1","","1","","","","","","","1","","","","1","1","5","1","","","21","0","0","5","0","0","0","26","","○","dou/midounohai/se/sei/sobira park","1-31-1, san/sugi, hirakata-shi, osaka-fu"
"114","堂山公園","34.81767611","135.6704285","大阪府枚方市堂山１丁目２２−４","16876.91","1.688","○","","","1","1","","","1","","","","","","1","","","3","1","1","32","3","","","30","0","0","0","0","0","0","30","","","douyama park","1-22-4, douyama, hirakata-shi, osaka-fu"
"115","長尾大池公園","34.82556246","135.7162333","大阪府枚方市長尾東町１丁目３３−５","589.69","0.059","","","","1","1","","","","","","","","","","","","","","1","2","","","","3","0","0","0","0","0","0","3","","","nagaoohike/oike park","1-33-5, nagaohigashimachi, hirakata-shi, osaka-fu"
"116","長尾台大谷公園","34.81681039","135.7171059","大阪府枚方市長尾台３丁目２８−２６","3010.26","0.301","","","","1","1","","","","","","","","","1","","","","","","5","","","","1","0","0","0","0","0","2","3","ヤエザクラ","","nagaodaiohtani park","3-28-26, nagaodai, hirakata-shi, osaka-fu"
"117","長尾台亀谷公園","34.82055121","135.7205302","大阪府枚方市長尾台４丁目１２−５","1516.05","0.152","","","","","","","","","","","","","","","","","","","","","","","","2","0","0","0","0","1","0","3","","","nagaodaikamedani/kamegai/kametani/kameya park","4-12-5, nagaodai, hirakata-shi, osaka-fu"
"118","長尾台北公園","34.82117389","135.7168685","大阪府枚方市長尾台１丁目６−１７","1031.69","0.103","","","","1","1","","","","1","","","","","1","","","","","1","2","","","","13","0","0","0","0","3","0","16","","","nagaodaihoku/kita/pee/pei/peki park","1-6-17, nagaodai, hirakata-shi, osaka-fu"
"119","長尾台東公園","34.81940465","135.7182962","大阪府枚方市長尾台２丁目２２−７","1044.52","0.104","","","","1","1","","","1","","","","","","1","","","","","1","3","","","","0","0","0","0","0","0","4","4","ヤエザクラ","","nagaodaihigashi park","2-22-7, nagaodai, hirakata-shi, osaka-fu"
"120","長尾台南公園","34.81842135","135.7166268","大阪府枚方市長尾台２丁目６−３","1045.85","0.105","","","","1","1","","1","","","","","1","","1","","","","","1","7","","","","4","0","0","0","0","3","0","7","","","nagaodaiminami park","2-6-3, nagaodai, hirakata-shi, osaka-fu"
"121","長尾谷町公園","34.82420175","135.7027031","大阪府枚方市長尾谷町３丁目２０−８","1130.56","0.113","","1","","","1","","1","","","","1","","","1","","","","","1","1","","","","16","0","0","0","0","0","0","16","","","nagaotanimachi park","3-20-8, nagaotanimachi, hirakata-shi, osaka-fu"
"122","長尾西町公園","34.83162137","135.6995521","大阪府枚方市長尾西町１丁目４−３９","714.92","0.071","","1","","","1","","","","","","1","","","1","","","","","1","4","","","","","","","","","","","","","","nagaonishimachi park","1-4-39, nagaonishimachi, hirakata-shi, osaka-fu"
"123","長尾東公園","34.82541546","135.7227147","大阪府枚方市長尾東町３丁目１８−１７","524.41","0.052","","","","","","","","","","","","","1","","","","","","1","5","1","","","","","","","","","","","","","nagaohigashi park","3-18-17, nagaohigashimachi, hirakata-shi, osaka-fu"
"124","長尾元町公園","34.83019936","135.706721","大阪府枚方市長尾元町３丁目５７−３２","1640.54","0.164","","","","1","1","","","1","","","1","","","1","","2","3","","1","7","","","","","","","","","","","","","","nagaomotomachi park","3-57-32, nagaomotomachi, hirakata-shi, osaka-fu"
"125","中の池公園","34.8476097","135.6902535","大阪府枚方市東山２丁目４５","40071.87","4.007","○","","","1","1","","","","","","1","","","1","","","","1","1","7","1","1","","27","6","1","0","0","0","3","37","ｵｵﾔﾏｻﾞｸﾗ","","ata/nakanoike park","2-45, agariyama/higashama/higashiyama/touzan, hirakata-shi, osaka-fu"
"126","中の谷公園","34.85045399","135.6901284","大阪府枚方市東山１丁目４１−６","2449.28","0.245","","","","1","1","","","","","","","1","","1","","","","","1","7","","","","","","","","","","","","","","ata/nakanodani/koku/tani/ya/yatsu park","1-41-6, agariyama/higashama/higashiyama/touzan, hirakata-shi, osaka-fu"
"127","中振中央公園","34.79424459","135.6353977","大阪府枚方市南中振１丁目４１−２","1200.00","0.12","","1","","","1","","1","","","","","","","1","","","","","","2","","","","11","0","0","0","0","0","1","12","","","nakaburichuuou park","1-41-2, minaminakaburi, hirakata-shi, osaka-fu"
"128","中宮公園","34.81915085","135.6657927","大阪府枚方市中宮東之町３９−１１","2122.95","0.212","","2","","","1","","","","","","","","","1","","","","","1","6","","","","0","0","0","0","0","0","2","2","サトザクラ","","chuuguu/nakamiya park","39-11, nakamiyahigashinochou, hirakata-shi, osaka-fu"
"129","渚栄公園","34.83549093","135.6603861","大阪府枚方市渚栄町２７−１２","540.51","0.054","","","","","","","","","","","","","1","1","","","","","1","3","","","","2","0","0","0","0","0","0","2","","","nagisasakae park","27-12, nagisasakaemachi, hirakata-shi, osaka-fu"
"130","渚西公園","34.83344871","135.6526486","大阪府枚方市渚西３丁目２５−１","1823.35","0.182","","","","","1","","","","","","","","","1","","","","","1","6","1","","","4","0","0","0","0","0","0","4","","","nagisanishi park","3-25-1, nagisanishi, hirakata-shi, osaka-fu"
"131","渚東公園","34.83248629","135.6624303","大阪府枚方市渚東町３０−１２","827.96","0.083","","","","1","1","","","","","","","","","1","","","","","1","5","","","","5","0","0","0","0","1","0","6","","","nagisahigashi park","30-12, nagisahigashimachi, hirakata-shi, osaka-fu"
"132","渚公園","34.83296581","135.6609901","大阪府枚方市渚栄町６−２７","1162.86","0.116","","1","","","1","","","","","","","","","1","","","","","1","4","","","","10","0","0","0","0","0","0","10","","","nagisa/sho park","6-27, nagisasakaemachi, hirakata-shi, osaka-fu"
"133","茄子作北公園","34.7898576","135.6629785","大阪府枚方市茄子作北町４８−８","1146.00","0.115","","","","","","","","","","","","","1","1","1","","","","1","4","1","","","16","0","0","0","0","0","0","16","","","nasuzukurikita park","48-8, nasuzukurikitamachi, hirakata-shi, osaka-fu"
"134","茄子作東公園","34.78502689","135.6699364","大阪府枚方市茄子作東町２４−１８","516","0.052","","","","","1","","","1","","","","1","","","","","","","1","3","","","","3","0","0","0","0","0","0","3","","","nasuzukurihigashi park","24-18, nasuzukurihigashimachi, hirakata-shi, osaka-fu"
"135","茄子作南公園","34.78224901","135.6680511","大阪府枚方市茄子作４丁目４９−１０","1346.13","0.135","","1","","","1","","","1","","","","","","1","1","","","","1","2","","","","2","0","0","0","0","0","0","2","","","nasuzukuriminami park","4-49-10, nasuzukuri, hirakata-shi, osaka-fu"
"136","七ツ松公園","34.85898088","135.6862426","大阪府枚方市楠葉朝日２丁目１５−１３","933.34","0.093","","","","","","","","","","","","","","","","","","","","","","","","","","","","","","","","","","nanatsumatsu/shou park","2-15-13, kuzuhaasahi, hirakata-shi, osaka-fu"
"137","西禁野公園","34.8206366","135.6531228","大阪府枚方市西禁野２丁目３２−１０","813.93","0.081","","1","","","","","","1","","","","","","1","","","","","1","3","1","","","","","","","","","","","","","nishikinya park","2-32-10, nishikinya, hirakata-shi, osaka-fu"
"138","西牧野公園","34.84547881","135.6625756","大阪府枚方市西牧野４丁目４−４８","613.55","0.061","","","","","","","","","","","","","2","","","","","","1","6","1","","","1","0","0","0","0","0","0","1","","","nishimakino park","4-4-48, nishimakino, hirakata-shi, osaka-fu"
"139","二の宮公園","34.85377237","135.6811377","大阪府枚方市船橋本町１丁目７１２−２","2654.36","0.265","","","","1","1","","","","","","","1","","1","","","2","1","1","7","","","","7","0","0","0","0","1","0","8","","","ninomiya park","1-712-2, funahashihommachi, hirakata-shi, osaka-fu"
"140","登公園","34.86877806","135.687444","大阪府枚方市楠葉野田３丁目３７−３２","859.21","0.086","","","","1","1","","","","","","","","","1","","","","","1","2","","","","9","0","0","0","0","0","0","9","","","nobori/noboru/to/tou park","3-37-32, kuzuhanoda, hirakata-shi, osaka-fu"
"141","走谷公園","34.80143272","135.6327459","大阪府枚方市走谷２丁目２５−１","979","0.098","","","","1","1","","","","","","","1","","","","","","","1","4","","","","","","","","","","","","","","hashiridani park","2-25-1, hashiridani, hirakata-shi, osaka-fu"
"142","花見の丘公園","34.81004985","135.7072681","大阪府枚方市津田山手１丁目３−１４","1600.26","0.16","","","","","","","","","","","","","","","","","","","","7","","","","11","0","0","0","0","1","0","12","サトザクラ","","hanaminokyuu/oka/takashi/tsukasa park","1-3-14, tsudayamate, hirakata-shi, osaka-fu"
"143","日置公園","34.83060766","135.6857577","大阪府枚方市招提南町３丁目９−５","4742.42","0.474","","","","1","","","","","","","","","","","1","2","","1","1","11","","","","1","0","0","0","0","0","0","1","","","heki/hiki/hioki park","3-9-5, shoudaiminamimachi, hirakata-shi, osaka-fu"
"144","東香里南公園","34.77531117","135.655653","大阪府枚方市東香里南町１","510","0.051","","","","","","","","","","","","","","","","","","","","","","","","0","0","0","0","0","0","0","0","","","higashikouriminami park","1, higashikouriminamimachi, hirakata-shi, osaka-fu"
"145","東香里公園","34.78399054","135.6530722","大阪府枚方市東香里３丁目２９−１２","2866.45","0.287","","","","1","","","","1","","","","2","1","1","","","","","1","10","","","","9","0","0","0","0","0","0","9","ハクサンオオデマリ","","higashikouri park","3-29-12, higashikouri, hirakata-shi, osaka-fu"
"146","東長尾公園","34.82472511","135.7224315","大阪府枚方市長尾東町３丁目３０−１５","1187.32","0.119","","","","","1","","","","","","","","","1","","","","","","1","","","","2","0","0","0","0","0","0","2","","","higashinaga/higashiosabi/o/wo park","3-30-15, nagaohigashimachi, hirakata-shi, osaka-fu"
"147","東中振北公園","34.7986849","135.6432507","大阪府枚方市東中振１丁目２３−１","501.8","0.05","","","","","1","","","1","1","","","1","","1","","","","","1","2","","","","4","0","0","0","0","0","0","4","","","higashinakaburihoku/kita/pee/pei/peki park","1-23-1, higashinakaburi, hirakata-shi, osaka-fu"
"148","東中振中央公園","34.79745433","135.6410161","大阪府枚方市東中振１丁目１９−３５","2138.29","0.214","","","","1","1","","","","","","","","","1","1","","","1","1","8","","","","6","0","0","0","0","0","0","6","","","higashinakaburichuuou park","1-19-35, higashinakaburi, hirakata-shi, osaka-fu"
"149","東中振西公園","34.79678372","135.63883","大阪府枚方市東中振１丁目１８−２１","886.07","0.089","","1","","","1","","","","","","","1","","1","1","","","","1","7","","","","3","0","0","0","0","0","0","3","","","higashinakaburinishi park","1-18-21, higashinakaburi, hirakata-shi, osaka-fu"
"150","東中振南公園","34.79726142","135.6437264","大阪府枚方市東中振１丁目３２−１２","504.95","0.05","","","","","","","","","1","","","1","","1","","","","","1","2","","","","5","0","0","0","0","0","0","5","","","higashinakaburiminami park","1-32-12, higashinakaburi, hirakata-shi, osaka-fu"
"151","東山公園","34.85429067","135.6908052","大阪府枚方市楠葉面取町２丁目５−１８","667.81","0.067","","","","","","","","","","","","","1","2","","","","","","7","","","","0","0","0","0","0","6","0","6","","","higashiyama park","2-5-18, kuzuhamendorichou, hirakata-shi, osaka-fu"
"152","氷室台西公園","34.81019467","135.7272822","大阪府枚方市氷室台１丁目７−１","1363.87","0.136","","1","","","1","","","","","","","","","1","","","1","","","10","","","","","","","","","","","","","","himurodainishi park","1-7-1, himurodai, hirakata-shi, osaka-fu"
"153","氷室台南公園","34.80822906","135.7317298","大阪府枚方市氷室台１丁目３４−７","3253.96","0.325","","1","","","3","","","1","","","","1","","1","","","2","","1","15","","","","16","0","0","0","0","0","0","16","","","himurodaiminami park","1-34-7, himurodai, hirakata-shi, osaka-fu"
"154","平野公園","34.83570478","135.6803187","大阪府枚方市招提中町１丁目４４−１８","1123.23","0.112","","","","","","","","","","","","","1","1","","","","1","1","4","","","","0","0","0","0","0","0","3","3","サトザクラ","","heiya/hirano/mihirano/tairano park","1-44-18, shoudainakamachi, hirakata-shi, osaka-fu"
"155","藤阪西公園","34.82124841","135.6978007","大阪府枚方市藤阪西町１−４","1088.61","0.109","","","","1","","","","1","","","","","1","","1","","","","1","14","","","","7","0","0","0","0","0","0","7","","","fujisakanishi park","1-4, fujisakanishimachi, hirakata-shi, osaka-fu"
"156","藤阪東町北公園","34.81983168","135.7139996","大阪府枚方市藤阪東町３丁目４−３","628.78","0.063","","","","","","","","","","","","","","","","","","","","","","","","2","0","0","0","0","0","0","2","","","fujisakahigashimachihoku/kita/pee/pei/peki park","3-4-3, fujisakahigashimachi, hirakata-shi, osaka-fu"
"157","藤阪東町中央公園","34.82085201","135.7112187","大阪府枚方市藤阪東町１丁目","4.400.01","0.44","","","","","","","","","","","","","","","","","","","","","","","","","","","","","","","","","","fujisakahigashimachichuuou park","1-, fujisakahigashimachi, hirakata-shi, osaka-fu"
"158","藤阪東町南公園","34.81877605","135.714484","大阪府枚方市藤阪東町３丁目９−７","1027.60","0.103","","","","","","","","","","","","","","","","","","","","","","","","13","0","0","0","0","3","0","16","","","fujisakahigashimachiminami park","3-9-7, fujisakahigashimachi, hirakata-shi, osaka-fu"
"159","藤阪東公園","34.82056515","135.700325","大阪府枚方市藤阪西町６−５２","2137.33","0.214","","","","","","","","","","","","","","","","","","","1","6","","","","0","10","0","0","0","0","0","10","","","fujisakahigashi park","6-52, fujisakanishimachi, hirakata-shi, osaka-fu"
"160","藤阪宮山公園","34.81626579","135.7090857","大阪府枚方市藤阪天神町１９−９","1712.53","0.171","","","","","","","","","","","","","","","","","","","","","","","","","","","","","","","","","","fujisakamiyama/miyayama park","19-9, fujisakatenjinchou, hirakata-shi, osaka-fu"
"161","藤阪公園","34.82074563","135.7029319","大阪府枚方市藤阪元町３丁目１８−２","806.61","0.081","","1","","","1","","1","","","","","","","1","","","","","1","4","","","","4","0","0","0","0","0","1","5","ヤエザクラ","","fujisaka park","3-18-2, fujisakamotomachi, hirakata-shi, osaka-fu"
"162","武生田公園","34.79861741","135.7263033","大阪府枚方市尊延寺５丁目５２−４","3100.00","0.31","","","","1","1","","","1","","","","","","1","","","","","","13","","","","9","0","0","0","0","0","0","9","","","mushuu/takefu/takeoda/den/ta park","5-52-4, sonenji, hirakata-shi, osaka-fu"
"163","船橋公園","34.85374795","135.6843545","大阪府枚方市東船橋１丁目２９−３","2097.98","0.21","","","","1","1","","","","","","","","","1","","","2","","1","7","1","","","3","0","2","0","0","0","0","5","","","funabashi/funahashi/senkyou park","1-29-3, higashifunabashi/higashifunahashi, hirakata-shi, osaka-fu"
"164","古城公園","34.80242336","135.7059047","大阪府枚方市津田南町２丁目３７−１","1578.11","0.158","","1","","","","","","1","","","","1","","","","","","","1","","","","","0","0","0","0","0","9","0","9","","","furujiro/furujou/furushiro/kojou park","2-37-1, tsudaminamichou/tsudaminamimachi, hirakata-shi, osaka-fu"
"165","坊主池公園","34.80867929","135.6460809","大阪府枚方市岡山手町１１−７２","7695.90","0.77","","","","","1","","","","","","","1","","1","","","3","","1","14","1","","","0","0","13","0","0","0","3","16","サトザクラ","","bouzuike park","11-72, okayamatechou, hirakata-shi, osaka-fu"
"166","星ケ丘公園","34.80947404","135.6616322","大阪府枚方市星丘２丁目１０−３７","4472.12","0.447","","1","","","","","","1","","","","","1","1","","7","2","","1","7","1","","","","","","","","","","","","","hoshigaoka park","2-10-37, hoshigaoka, hirakata-shi, osaka-fu"
"167","穂谷公園","34.79557435","135.7290922","大阪府枚方市穂谷２丁目２−２２","1236.65","0.124","","1","","","","","","","","","","","","","","","","1","","3","1","","","","","","","","","","","","","hotani park","2-2-22, hotani, hirakata-shi, osaka-fu"
"168","牧野公園","34.84212578","135.6685253","大阪府枚方市牧野阪２丁目１５","10747.33","1.075","○","","","1","1","","","","","","","1","1","2","","","3","2","1","15","","","","30","2","0","4","0","0","9","45","ヤエザクラ","","magino/makino park","2-15, makinosaka, hirakata-shi, osaka-fu"
"169","松美ヶ丘公園","34.83326691","135.7027577","大阪府枚方市長尾西町３丁目１０−３","521","0.052","","","","","","","","","","","","","1","","","","","","1","3","1","","","","","","","","","","","","","matsumikekyuu/oka/takashi/tsukasa park","3-10-3, nagaonishimachi, hirakata-shi, osaka-fu"
"170","三ツ矢公園","34.81479311","135.6421697","大阪府枚方市三矢町６−１０","819.57","0.082","","","","","","","","","","","","","1","","","2","","1","1","1","1","","","3","0","0","1","0","0","0","4","","","mitsuya park","6-10, mitsuyachou, hirakata-shi, osaka-fu"
"171","南谷公園","34.79030352","135.6466116","大阪府枚方市香里ケ丘８丁目２１−１０","3280.70","0.328","","","","1","","","","","","","","1","","","","","","","1","5","","","","","","","","","","","","","","minamidani/minamitani/nanya park","8-21-10, kourigaoka, hirakata-shi, osaka-fu"
"172","南中振公園","34.79392268","135.6291359","大阪府枚方市南中振２丁目４−７","2542.97","0.254","","1","","","1","","","","","","","","","","","3","","","1","6","","","","9","1","4","0","0","0","5","19","サトザクラ","","minaminakaburi park","2-4-7, minaminakaburi, hirakata-shi, osaka-fu"
"173","南船橋公園","34.84970074","135.6821628","大阪府枚方市南船橋２丁目１５−１４","801.51","0.08","","1","","","","","","","","","","","1","1","","","","","1","5","","","","8","0","0","0","0","0","0","8","","","minamifunabashi/minamifunahashi park","2-15-14, minamifunabashi/minamifunahashi, hirakata-shi, osaka-fu"
"174","宮之阪東公園","34.81177417","135.6621127","大阪府枚方市宮之阪４丁目１８−２２","1353.60","0.135","","1","","","1","","","","","","","","","1","","","","","1","4","1","","","0","0","0","0","0","0","0","0","","","miyanosakahigashi park","4-18-22, miyanosaka, hirakata-shi, osaka-fu"
"175","宮之阪公園","34.81271026","135.6583408","大阪府枚方市宮之阪３丁目１２−１","555.49","0.056","","1","","","1","","1","","","","","1","","1","","","","","1","2","","","","","","","","","","","","","","miyanosaka park","3-12-1, miyanosaka, hirakata-shi, osaka-fu"
"176","村野西町公園","34.80013181","135.6619041","大阪府枚方市村野西町４","951.61","0.095","","1","","","1","","","1","","","","","","1","","","","","","4","","","","3","0","0","0","0","0","0","3","","","muranonishimachi park","4, muranonishimachi, hirakata-shi, osaka-fu"
"177","村野東町公園","34.80030468","135.6705973","大阪府枚方市村野東町２７−７","490.44","0.049","","1","","","1","","","1","","","","","","","","","","","1","3","","","","","","","","","","","","","","muranohigashimachi park","27-7, muranohigashimachi, hirakata-shi, osaka-fu"
"178","村野南町公園","34.79900666","135.6626041","大阪府枚方市村野南町","3161.18","0.316","","","","","","","","1","","","","","1","1","","","","","1","4","","","","0","0","0","0","0","0","0","0","","","muranominamimachi park","muranominamimachi, hirakata-shi, osaka-fu"
"179","村野公園","34.80296253","135.6655698","大阪府枚方市村野本町９−２","1095.00","0.11","","","","1","1","","","","","","","1","","","","","","","","3","","","","15","0","0","0","0","0","0","15","","","murano park","9-2, muranohommachi, hirakata-shi, osaka-fu"
"180","三栗東公園","34.83579199","135.6598676","大阪府枚方市三栗１丁目１７−２０","809.49","0.081","","","","1","1","","","1","","","","","","1","","","","","1","4","","","","2","0","0","0","0","0","0","2","","","meguri/miguryuuhigashi park","1-17-20, meguri/miguryuu, hirakata-shi, osaka-fu"
"181","三栗南公園","34.83487289","135.6574727","大阪府枚方市三栗１丁目２４−１２","498.43","0.05","","","","1","1","","","","","","","","","1","","","","","1","3","","","","","","","","","","","","","","meguri/miguryuuminami park","1-24-12, meguri/miguryuu, hirakata-shi, osaka-fu"
"182","面取公園","34.85621427","135.6850233","大阪府枚方市楠葉朝日１丁目１５−６","1038.76","0.104","","","","1","1","","","","","","","","","1","","","","","1","6","","","","","","","","","","","","","","mentori park","1-15-6, kuzuhaasahi, hirakata-shi, osaka-fu"
"183","薬師谷公園","34.82787843","135.7034306","大阪府枚方市長尾西町１丁目３０−２９","6513.00","0.651","","","","1","1","","","","","","","","","1","","","2","","1","3","","","","4","0","0","0","0","5","0","9","","","yakushidani park","1-30-29, nagaonishimachi, hirakata-shi, osaka-fu"
"184","養父東公園","34.84568942","135.675069","大阪府枚方市養父東町５−１","3068.00","0.307","","","","1","1","","","","","","","","","1","","","","1","1","2","","","","3","0","0","0","0","0","0","3","","","yabuhigashi park","5-1, yabuhigashimachi, hirakata-shi, osaka-fu"
"185","養父元町公園","34.84909291","135.6719119","大阪府枚方市養父元町４６−１","2661.05","0.266","","","","","","","","","","","","","1","1","","","","","1","12","1","","","0","2","0","0","0","0","0","2","","","yabumotomachi park","46-1, yabumotomachi, hirakata-shi, osaka-fu"
"186","山原公園","34.85201111","135.6874211","大阪府枚方市東船橋２丁目１０９−１９","1415.24","0.142","","","","1","","","","","","","","","","1","","","","","1","2","1","","","6","0","0","0","0","0","0","6","","","yamahara/yambara/yambaru park","2-109-19, higashifunabashi/higashifunahashi, hirakata-shi, osaka-fu"
"187","淀見公園","34.79316149","135.6431202","大阪府枚方市香里ケ丘８丁目５","5426.24","0.543","","","","1","1","","","1","","","","1","","1","","","","","1","16","","","","52","0","0","0","0","0","7","59","","","den/yodoken/mi/miru park","8-5, kourigaoka, hirakata-shi, osaka-fu"
"188","らんぱん公園","34.84064134","135.6662145","大阪府枚方市牧野阪３丁目５−１０","629","0.063","","","","","","","","","","","","","","","","","","","1","1","1","","","0","0","0","0","0","0","2","2","サトザクラ","","rampan park","3-5-10, makinosaka, hirakata-shi, osaka-fu"
"189","六反町公園","34.86080303","135.6866342","大阪府枚方市楠葉朝日３丁目７−１０","1033.05","0.103","","1","","","1","","","1","","","","","","1","","","","","1","3","","","","","","","","","","","","","","rokutanchou park","3-7-10, kuzuhaasahi, hirakata-shi, osaka-fu"
"190","わさ谷公園","34.7992363","135.6398789","大阪府枚方市東中振１丁目１５−７","583.98","0.058","","1","","","1","","","","","","","","","1","","","","","1","4","","","","","","","","","","","","","","wasadani/koku/tani/ya/yatsu park","1-15-7, higashinakaburi, hirakata-shi, osaka-fu"
"191","王仁公園","34.81796782","135.7069757","大阪府枚方市王仁公園１−１","92940.00","9.294","○","1","","","1","","1","","","","1","","","1","1","","","2","3","108","5","2","","267","21","10","2","0","64","65","429","ヤエベニシダレ","","wani park","1-1, wanikouen, hirakata-shi, osaka-fu"
"192","藤阪北町西公園","34.82401603","135.7031792","大阪府枚方市藤阪北町１−７","","","","","","","1","","","1","","","","","","","","","","","","","","","","3","0","0","0","0","0","0","3","","","fujisakakitamachinishi park","1-7, fujisakakitamachi, hirakata-shi, osaka-fu"
"193","藤阪北町公園","34.82349736","135.7049549","大阪府枚方市藤阪北町４−１３","","","","1","","","1","","","1","","","1","1","","1","","","","","","4","","","","4","0","0","0","0","0","0","4","","","fujisakakitamachi park","4-13, fujisakakitamachi, hirakata-shi, osaka-fu"
"194","北谷川緑地","34.82384639","135.7012825","大阪府枚方市長尾谷町３丁目１０−１","","","","","","","","","","","","","","","","","","","","","","3","1","","","11","0","0","0","0","0","0","11","","","chatan/kitadani/kitatani/kitayagawa/kawa/kawakatsu/sen green space","3-10-1, nagaotanimachi, hirakata-shi, osaka-fu"
"195","日置台緑地","34.83053099","135.6875657","大阪府枚方市招提南町３丁目２３−１０","","","","","","","","","","","","","","","","","","","","1","","10","","","","9","0","0","0","0","0","0","9","","","heki/hiki/hiokidai/tai/utena green space","3-23-10, shoudaiminamimachi, hirakata-shi, osaka-fu"
"196","山之上北公園","34.80419569","135.6494206","大阪府枚方市山之上西町５−１２","","","","1","","1","1","","","1","","","","","","1","","","1","","","3","","","","","","","","","","","","","","yamanouekita park","5-12, yamanouenishimachi, hirakata-shi, osaka-fu"
"197","伊加賀西町北公園","34.80704978","135.6252373","大阪府枚方市伊加賀西町５５−１８","","","","1","","","1","","","","","","","","","1","","","","","1","6","2","","","","","","","","","","","","","ikaganishimachihoku/kita/pee/pei/peki park","55-18, ikaganishimachi, hirakata-shi, osaka-fu"
"198","伊加賀西町東公園","34.80651338","135.6301376","大阪府枚方市伊加賀西町７１","","","","1","","","1","","","","","","","","","1","","","","","1","5","","","","","","","","","","","","","","ikaganishimachihigashi park","71, ikaganishimachi, hirakata-shi, osaka-fu"
"199","伊加賀西町南公園","34.80489099","135.6239008","大阪府枚方市伊加賀西町４５−２２","","","","","","1","","","","","","","","","1","1","","","","","1","7","2","","","2","0","0","0","0","0","0","2","","","ikaganishimachiminami park","45-22, ikaganishimachi, hirakata-shi, osaka-fu"
"200","伊加賀西町公園","34.80954097","135.6298305","大阪府枚方市伊加賀西町３０−４０","","","","","","1","1","","","","","","","","","1","","","","","1","6","2","","","7","0","0","0","0","0","1","8","","","ikaganishimachi park","30-40, ikaganishimachi, hirakata-shi, osaka-fu"
