"id","name","name_kana","address","area","area_ha","y","x","is_evacuation_area","ブランコ_2","ブランコ_3","ブランコ_4","すべり台","鉄棒_1","鉄棒_2","鉄棒_3","鉄棒_4","鉄棒_5","シーソー","ジャングルジム","鋼製複合遊具","砂場","ラダー","健康遊具","プレイスカルプチャー(遊戯彫刻)","便所","水飲場","ベンチ","四阿(シェルター)","有料駐車場","無料駐車場","ソメイヨシノ","オオシマザクラ","カンヒザクラ","シダレザクラ","カワズザクラ","ヤマザクラ","桜_その他","桜_合計","桜_その他_品種","is_nice_scenery","english_name","english_address","",""
"001","あかね丘公園","アカネガオカコウエン","大阪府枚方市北中振1丁目1(府道21号線沿い)","548.17","0.05","34.8008958","135.6331999","","","","1","1","","","1","","","","","","1","","","1","","1","7","1","","","","","","","","","","","","","","","573-0064","オオサカフ－ヒラカタシ－キタナカブリ"
"002","旭ヶ丘中央公園","アサヒガオカチュウオウコウエン","大阪府枚方市東香里南町21−12","1,930.77","0.19","34.77635257","135.6529001","","1","","","1","","","","","","","","","1","","","","","1","2","","","","1","0","0","0","0","0","0","1","","","","","573-0074","オオサカフ－ヒラカタシ－ヒガシコウリミナミマチ"
"003","旭ヶ丘西公園","アサヒガオカニシコウエン","大阪府枚方市東香里南町31−23","1,886.19","0.19","34.77780792","135.6507224","","1","","","1","","","","","","","","","1","","","","","1","6","","","","6","0","0","0","0","0","0","6","","","","","573-0074","オオサカフ－ヒラカタシ－ヒガシコウリミナミマチ"
"004","旭ヶ丘東公園","アサヒガオカヒガシコウエン","大阪府枚方市東香里南町54−11","842.63","0.08","34.77616526","135.655468","","","","1","1","","","1","","","","","","1","","","","","","5","","","","","","","","","","","","","","","","573-0074","オオサカフ－ヒラカタシ－ヒガシコウリミナミマチ"
"005","あんご公園","アンゴコウエン","大阪府枚方市東田宮1丁目5−12","2,743.14","0.27","34.80975156","135.6529164","","","","","","","","","","","","","1","1","","","","","1","14","","","","8","0","8","0","0","0","0","16","","","","","573-0023","オオサカフ－ヒラカタシ－ヒガシタミヤ"
"006","伊加賀公園","イカガコウエン","大阪府枚方市堤町7−2","948.36","0.09","34.81138525","135.6376873","","1","","","1","","","","","1","","1","","","","","","","1","4","","","","14","0","0","0","0","0","2","16","","","","","573-0057","オオサカフ－ヒラカタシ－ツツミチョウ"
"007","伊加賀栄公園","イカガサカエコウエン","大阪府枚方市伊加賀栄町10−29","2,825.96","0.28","34.80588501","135.6353846","","1","","","1","","","","","","","","","1","","","","1","","8","1","","","1","0","0","0","0","0","0","1","","","","","573-0062","オオサカフ－ヒラカタシ－イカガサカエマチ"
"008","伊加賀西町北公園","イカガニシマチキタコウエン","大阪府枚方市伊加賀西町55−18","1,001.81","0.10","34.80704978","135.6252373","","1","","","1","","","","","","","","","1","","","","","1","6","2","","","","","","","","","","","","","","","573-0066","オオサカフ－ヒラカタシ－イカガニシマチ"
"009","伊加賀西町公園","イカガニシマチコウエン","大阪府枚方市伊加賀西町30−40","1,490.19","0.15","34.80954097","135.6298305","","","","1","1","","","","","","","","","1","","","","","1","6","2","","","7","0","0","0","0","0","1","8","","","","","573-0066","オオサカフ－ヒラカタシ－イカガニシマチ"
"010","伊加賀西町東公園","イカガニシマチヒガシコウエン","大阪府枚方市伊加賀西町71","1,000.00","0.10","34.80651338","135.6301376","","1","","","1","","","","","","","","","1","","","","","1","5","","","","","","","","","","","","","","","","573-0066","オオサカフ－ヒラカタシ－イカガニシマチ"
"011","伊加賀西町南公園","イカガニシマチミナミコウエン","大阪府枚方市伊加賀西町45−22","3,910.11","0.39","34.80489099","135.6239008","","","","1","","","","","","","","","1","1","","","","","1","7","2","","","2","0","0","0","0","0","0","2","","","","","573-0066","オオサカフ－ヒラカタシ－イカガニシマチ"
"012","伊加賀山公園","イカガヤマコウエン","大阪府枚方市香里ケ丘6丁目20","4,433.82","0.44","34.79784152","135.6457699","","","1","","1","","","","","","1","","","","","","","","","3","","","","28","0","0","0","0","0","0","28","","","","","573-0084","オオサカフ－ヒラカタシ－コウリガオカ"
"013","池之宮西公園","イケノミヤニシコウエン","大阪府枚方市池之宮2丁目23−13","829.02","0.08","34.81156769","135.6706329","","1","","","1","","1","","","","","","","1","","","","","1","2","","","","1","0","0","0","0","0","0","1","","","","","573-0005","オオサカフ－ヒラカタシ－イケノミヤ"
"014","以楽公園","イラクコウエン","大阪府枚方市香里ケ丘5丁目2−8","8,047.64","0.80","34.79620283","135.6484142","","","","","","","","","","","","","","","","","","","","6","","","","32","0","0","0","0","0","0","32","サトザクラ","","","","573-0084","オオサカフ－ヒラカタシ－コウリガオカ"
"015","印田町ふれあい公園","インダチョウフレアイコウエン","大阪府枚方市印田町43−15","5,914.95","0.59","34.80460249","135.6675873","","","","","","","1","","","","","","1","","","4","2","1","1","13","1","","","4","0","1","0","0","0","0","5","","","","","573-0017","オオサカフ－ヒラカタシ－インダチョウ"
"016","うしろ谷公園","ウシロダニコウエン","大阪府枚方市高野道2丁目24−11","2,962.81","0.30","34.84957671","135.7023107","","","","1","1","","","1","","","","1","","1","","","","","1","8","","","","0","0","0","0","0","0","15","15","ヤエザクラ","","","","573-1131","オオサカフ－ヒラカタシ－コウヤミチ"
"017","宇山東公園","ウヤマヒガシコウエン","大阪府枚方市養父丘1丁目10−27","2,417.60","0.24","34.84314796","135.672897","","","","","","","","","","","","","1","1","","","","","1","10","1","","","0","0","0","0","0","9","0","9","","","","","573-1134","オオサカフ－ヒラカタシ－ヤブガオカ"
"018","岡東公園","オカヒガシコウエン","大阪府枚方市岡東町16−10","1,907.37","0.19","34.81422319","135.6473807","","1","","","1","","","","","","","","","1","","","","","1","4","","","","3","0","0","0","0","0","0","3","","","","","573-0032","オオサカフ－ヒラカタシ－オカヒガシチョウ"
"019","岡東中央公園","オカヒガシチュウオウコウエン","大阪府枚方市岡東町7−5","4,916.00","0.49","34.8149243","135.6500978","","","1","","","","","","","","","","1","1","","2","","1","1","6","1","","","0","0","0","1","0","0","1","2","アマノガワ","","","","573-0032","オオサカフ－ヒラカタシ－オカヒガシチョウ"
"020","岡本町公園","オカホンマチコウエン","大阪府枚方市岡本町8−20","1,060.04","0.11","34.81503975","135.6466252","","","","","","","","","","","","","1","1","","","","","1","12","","","","","","","","","","","","","","","","573-0031","オオサカフ－ヒラカタシ－オカホンマチ"
"021","小倉東公園","オグラヒガシコウエン","大阪府枚方市小倉東町26−6","557.49","0.06","34.83549387","135.669184","","1","","","1","","","1","","","1","","","1","","","","","","2","","","","2","0","0","0","0","0","0","2","","","","","573-1174","オオサカフ－ヒラカタシ－オグラヒガシマチ"
"022","御茶屋御殿跡展望広場公園","オチャヤゴテンアトテンボウヒロバコウエン","大阪府枚方市枚方元町1−21","1,982.06","0.20","34.81379284","135.6426304","","","","","","","","","","","","","","","","","","","1","6","1","","","0","0","0","4","0","7","0","11","","○","","","573-0052","オオサカフ－ヒラカタシ－ヒラカタモトマチ"
"023","開成公園","カイセイコウエン","大阪府枚方市香里ケ丘2丁目5","3,561.00","0.36","34.79206188","135.6565579","","","","","","","","","","","","","","","","","","","1","12","","","","0","0","0","0","0","0","27","27","ヤエザクラ","","","","573-0084","オオサカフ－ヒラカタシ－コウリガオカ"
"024","甲斐田公園","カイダコウエン","大阪府枚方市交北1丁目2−11","1,150.03","0.12","34.82832211","135.6716003","","1","","","1","","","","","","","1","","","","","","","1","2","","","","3","0","0","0","0","0","0","3","","","","","573-1161","オオサカフ－ヒラカタシ－コウホク"
"025","風見の丘公園","カザミノオカコウエン","大阪府枚方市津田山手1丁目30−1","2,501.66","0.25","34.80469931","135.7067307","","","","","","","","","","","","","","1","","","","","1","4","1","","","9","0","0","0","0","0","0","9","","","","","573-0128","オオサカフ－ヒラカタシ－ツダヤマテ"
"026","春日公園","カスガコウエン","大阪府枚方市高田2丁目25−45","3,436.39","0.34","34.78041053","135.6601077","","","","","1","","","","","","","","2","","","","","","1","8","","","","32","0","0","0","0","0","0","32","","","","","573-0073","オオサカフ－ヒラカタシ－コウダ"
"027","春日野公園","カスガノコウエン","大阪府枚方市春日野2丁目3−25","693.41","0.07","34.80925367","135.6897852","","","","","","","","","","","","","","","","","","","1","3","1","","","7","0","0","0","0","0","0","7","","","","","573-0131","オオサカフ－ヒラカタシ－カスガノ"
"028","春日元町公園","カスガモトマチコウエン","大阪府枚方市春日元町1丁目20−5","2,569.12","0.26","34.80263659","135.6881298","","","","1","1","","","1","","","","","2","1","","1","","","1","5","2","","","9","0","0","0","0","0","0","9","","","","","573-0135","オオサカフ－ヒラカタシ－カスガモトマチ"
"029","片鉾東公園","カタホコヒガシコウエン","大阪府枚方市片鉾東町32−3","884.49","0.09","34.83427296","135.6765658","","1","","","1","","1","","","","","","","","","","","","1","6","","","","1","0","0","0","0","0","0","1","","","","","573-1156","オオサカフ－ヒラカタシ－カタホコヒガシマチ"
"030","金崎公園","カナサキコウエン","大阪府枚方市楠葉朝日1丁目17−17","1,024.71","0.10","34.85725616","135.6876175","","1","","","1","","","","","","","","","1","","","","","1","4","","","","","","","","","","","","","","","","573-1111","オオサカフ－ヒラカタシ－クズハアサヒ"
"031","釜ヶ谷公園","カマガタニコウエン","大阪府枚方市長尾東町2丁目34−5","858.29","0.09","34.82767356","135.719349","","","","1","1","","","","","","1","","","1","","","","","","5","","","","3","0","0","0","0","0","0","3","","","","","573-0105","オオサカフ－ヒラカタシ－ナガオヒガシマチ"
"032","上島北公園","カミジマキタコウエン","大阪府枚方市牧野北町8","924.11","0.09","34.85055267","135.668434","","","","","","","","","1","1","","","","","","","","","","8","","","","2","0","0","0","0","0","0","2","","","","","573-1127","オオサカフ－ヒラカタシ－カミジマチョウ"
"033","上島町公園","カミジマチョウコウエン","大阪府枚方市上島町4−11","772.18","0.08","34.84772669","135.668336","","","","","","","","","","","","","1","1","","","","","1","10","","","","","","","","","","","","","","","","573-1127","オオサカフ－ヒラカタシ－カミジマチョウ"
"034","上島東公園","カミジマヒガシコウエン","大阪府枚方市牧野北町7","2,328.62","0.23","34.84951362","135.6678391","","1","","","1","","","","","","1","1","","1","","","","","","31","","","","3","0","0","0","0","0","0","3","","","","","573-1127","オオサカフ－ヒラカタシ－カミジマチョウ"
"035","上島南公園","カミジマミナミコウエン","大阪府枚方市牧野北町6−3","2,839.54","0.28","34.84807492","135.6650949","","","","1","1","","","1","","","1","1","","1","","","","","1","16","","","","64","0","10","0","0","0","0","74","","","","","573-1149","オオサカフ－ヒラカタシ－マキノキタマチ"
"036","上之町公園","カミノチョウコウエン","大阪府枚方市枚方上之町14−11","559.93","0.06","34.80824725","135.6435501","","","","","","","","","","","","","","1","","","","","1","19","","","","2","0","0","0","0","0","0","2","","","","","573-0037","オオサカフ－ヒラカタシ－ヒラカタカミノチョウ"
"037","観月公園","カンゲツコウエン","大阪府枚方市香里ケ丘11丁目2−13","6,307.57","0.63","34.78633738","135.6478115","","","","","","","","","","","","","","","","","","","","","","","","9","0","19","0","0","0","0","28","","","","","573-0084","オオサカフ－ヒラカタシ－コウリガオカ"
"038","観音山公園","カンノンヤマコウエン","大阪府枚方市香里ケ丘12丁目6−16","7,899.21","0.79","34.78889273","135.6532805","","","","","","","","","","","","","","","","3","","","","11","","","","101","0","0","0","0","0","0","101","ヤエザクラ","","","","573-0084","オオサカフ－ヒラカタシ－コウリガオカ"
"039","菊丘公園","キクガオカコウエン","大阪府枚方市菊丘町10−2","751.50","0.08","34.80503675","135.6421191","","","","1","","","","","","","1","","","1","","","1","","","8","","","","","","","","","","","","","","","","573-0091","オオサカフ－ヒラカタシ－キクガオカチョウ"
"040","菊丘東公園","キクガオカヒガシコウエン","大阪府枚方市菊丘町31−6","953.76","0.10","34.80500119","135.6445118","","","","1","1","","","","","","","1","","1","","","3","","1","7","","","","16","0","0","0","0","0","0","16","","","","","573-0091","オオサカフ－ヒラカタシ－キクガオカチョウ"
"041","菊丘南公園","キクガオカミナミコウエン","大阪府枚方市菊丘南町5−2","970.12","0.10","34.79903228","135.6449834","","1","","","1","","1","","","","","","","1","","","2","","1","7","","","","24","0","0","0","0","0","0","24","","","","","573-0092","オオサカフ－ヒラカタシ－キクガオカミナミマチ"
"042","北楠葉公園","キタクズハコウエン","大阪府枚方市北楠葉町36−26","722.65","0.07","34.870496","135.6841328","","1","","","1","","","1","","","","","","1","","","","","1","4","","","","","","","","","","","","","","","","573-1102","オオサカフ－ヒラカタシ－キタクズハチョウ"
"043","北谷川公園","キタタニガワコウエン","大阪府枚方市長尾谷町3丁目8−30","3,004.99","0.30","34.82330656","135.6998255","","1","","","1","","","","","","","1","","","","","","","1","","","","","0","0","0","0","0","0","0","0","","","","","573-0164","オオサカフ－ヒラカタシ－ナガオタニマチ"
"044","北谷川西公園","キタタニガワニシコウエン","大阪府枚方市山田池東町18−35","1,014.42","0.10","34.82389446","135.6968748","","","","","1","","","1","","","","","","1","","","1","","","4","","","","","","","","","","","","","","","","573-0165","オオサカフ－ヒラカタシ－ヤマダイケヒガシマチ"
"045","北谷川緑地","キタタニガワリョクチ","大阪府枚方市長尾谷町3丁目10−1","3,720.20","0.37","34.82384639","135.7012825","","","","","","","","","","","","","","","","","","","","3","1","","","11","0","0","0","0","0","0","11","","","","","573-0164","オオサカフ－ヒラカタシ－ナガオタニマチ"
"046","北谷公園","キタダニコウエン","大阪府枚方市香里ケ丘7丁目2−3","4,302.33","0.43","34.79501403","135.6474448","","","","","","","","","","","","","","","","","","","","5","","","","5","0","0","0","0","0","0","5","","","","","573-0084","オオサカフ－ヒラカタシ－コウリガオカ"
"047","北山公園","キタヤマコウエン","大阪府枚方市長尾家具町1丁目2−12","20,103.74","2.01","34.84495691","135.7029991","○","1","","","1","","","","","","","","1","1","","","","1","3","16","","","","27","0","0","0","0","0","0","27","ヤエアケボノ・ハクサンオオデマリ","","","","573-0102","オオサカフ－ヒラカタシ－ナガオカグマチ"
"048","北山中央公園","キタヤマチュウオウコウエン","大阪府枚方市北山1丁目32−10","2,549.79","0.25","34.84104839","135.7023279","","","","","","","","","","","","","1","1","","","","","1","8","1","","","0","0","0","0","0","1","0","1","","","","","573-0171","オオサカフ－ヒラカタシ－キタヤマ"
"049","北山南公園","キタヤマミナミコウエン","大阪府枚方市北山1丁目62−8","2,500.24","0.25","34.83734722","135.6996198","","","","","2","","","","","","","","","","","","","","1","1","1","","","0","0","0","0","0","0","5","5","","","","","573-0171","オオサカフ－ヒラカタシ－キタヤマ"
"050","鏡伝池緑地（市民の森）","キョウデンイケリョクチ（シミンノモリ）","大阪府枚方市楠葉丘2丁目10−1","28,315.00","2.83","34.8654391","135.6898442","○","","","","","","1","","","","","","1","1","","","","2","1","17","1","","2","50","1","0","0","0","0","3","54","サトザクラ，淡墨桜","","","","573-1104","オオサカフ－ヒラカタシ－クズハオカ"
"051","禁野車塚公園","キンヤクルマヅカコウエン","大阪府枚方市宮之阪5丁目3−14","5,212.17","0.52","34.81087654","135.656891","","","","","","","","","","","","","1","1","","","","","","4","1","","","","","","","","","","","","","","","573-0022","オオサカフ－ヒラカタシ－ミヤノサカ"
"052","禁野本町遺跡公園","キンヤホンマチイセキコウエン","大阪府枚方市中宮北町13−20","500.15","0.05","34.82163761","135.6606988","","","","","","","","","","","","","","","","","","","1","","","","","","","","","","","","","","","","","573-1194","オオサカフ－ヒラカタシ－ナカミヤキタマチ"
"053","九頭神廃寺史跡公園","クズカミハイジシセキコウエン","大阪府枚方市牧野本町1丁目32−2","1,274.22","0.13","34.83940176","135.6727707","","","","","","","","","","","","","1","","","2","","","","2","1","","","0","0","2","1","0","0","0","3","","","","","573-1144","オオサカフ－ヒラカタシ－マキノホンマチ"
"054","楠葉中央公園","クズハチュウオウコウエン","大阪府枚方市楠葉並木2丁目15−3","10,650.80","1.07","34.85941359","135.6807459","○","1","","","","","","","","","","","","1","","","","1","1","49","","","","53","0","0","0","0","0","3","56","ヤエザクラ・ハクサンオオデマレ","","","","573-1118","オオサカフ－ヒラカタシ－クズハナミキ"
"055","楠葉中町西公園","クズハナカマチニシコウエン","大阪府枚方市楠葉中町26−10","842.39","0.08","34.86915472","135.6800425","","1","","","1","","","","","","1","","","1","","","","","1","3","","","","","","","","","","","","","","","","573-1107","オオサカフ－ヒラカタシ－クズハナカマチ"
"056","楠葉中町東公園","クズハナカマチヒガシコウエン","大阪府枚方市楠葉中町67−4","601.93","0.06","34.86802615","135.6828279","","1","","","","","","","","","1","","","1","","","","","1","3","","","","3","0","0","0","0","0","0","3","","","","","573-1107","オオサカフ－ヒラカタシ－クズハナカマチ"
"057","楠葉東公園","クズハヒガシコウエン","大阪府枚方市楠葉朝日3丁目14番","26,716.87","2.67","34.86072875","135.6918169","○","","","1","2","","","","","","1","","","1","1","","3","1","2","38","","","","98","0","1","2","0","0","2","103","ヤエザクラ","","","","573-1111","オオサカフ－ヒラカタシ－クズハアサヒ"
"058","百済寺跡公園","クダラジアトコウエン","大阪府枚方市中宮西之町1−30","21,638.36","2.16","34.81569279","135.6607627","○","1","","","1","","1","","","","1","","","","1","","","1","1","11","","","","28","0","0","0","0","0","0","28","","","","","573-0021","オオサカフ－ヒラカタシ－ナカミヤニシノチョウ"
"059","くにみの丘公園","クニミノオカコウエン","大阪府枚方市津田山手1丁目15−12","13,631.44","1.36","34.80780408","135.7099953","○","","","","","","","","","","","","1","","","","","1","1","7","1","","","12","0","0","0","0","0","7","19","サトザクラ","○","","","573-0128","オオサカフ－ヒラカタシ－ツダヤマテ"
"060","車谷公園","クルマダニコウエン","大阪府枚方市長尾家具町2丁目3−19","5,537.17","0.55","34.84486006","135.7090602","","","","1","","","","","","","","","2","1","","","","1","1","3","","","","31","0","0","0","0","0","0","31","","","","","573-0102","オオサカフ－ヒラカタシ－ナガオカグマチ"
"061","車塚公園","クルマヅカコウエン","大阪府枚方市小倉東町40−1","50,164.51","5.02","34.8335464","135.6690309","○","","","","1","","","","","","","","","1","","9","","1","2","25","2","","3","27","15","3","8","28","0","1","82","淡墨桜","","","","573-1174","オオサカフ－ヒラカタシ－オグラヒガシマチ"
"062","桑ヶ谷公園","クワガタニコウエン","大阪府枚方市香里ケ丘1丁目4−2","12,066.89","1.21","34.79585598","135.6594299","○","","","","","","","","","","","","","","","","","","","2","","","","5","0","0","0","0","0","0","5","","","","","573-0084","オオサカフ－ヒラカタシ－コウリガオカ"
"063","けやき坂公園","ケヤキザカコウエン","大阪府枚方市長尾谷町2丁目525","1,860.03","0.19","34.82529551","135.7019713","","","","1","1","","","","","","","","","1","","","1","","1","6","","","","0","0","0","0","0","10","0","10","","","","","573-0164","オオサカフ－ヒラカタシ－ナガオタニマチ"
"064","甲須公園","コウスコウエン","大阪府枚方市甲斐田新町21−14","2,674.80","0.27","34.82079531","135.6760639","","","","","1","","","","","","","1","","1","","","","","1","5","2","","","4","0","0","0","0","0","0","4","","","","","573-1163","オオサカフ－ヒラカタシ－カイダシンマチ"
"065","交北北公園","コウホクキタコウエン","大阪府枚方市交北3丁目10−5","733.44","0.07","34.83045842","135.682009","","","","","1","","","","","","","","","","","","","","1","5","","","","","","","","","","","","","","","","573-1161","オオサカフ－ヒラカタシ－コウホク"
"066","交北公園","コウホクコウエン","大阪府枚方市交北4丁目560−2","31,746.00","3.17","34.8285473","135.6812548","○","","","","2","","","","","","","","2","2","","7","","1","1","52","3","","","49","0","0","2","0","9","0","60","","○","","","573-1161","オオサカフ－ヒラカタシ－コウホク"
"067","高野道公園","コウヤミチコウエン","大阪府枚方市高野道2丁目20 東高野街道","579.65","0.06","34.8508206","135.7018691","","","","","1","","","1","","","","","","1","","","","","1","2","","","","0","0","0","0","0","0","6","6","ヤエザクラ","","","","573-1131","オオサカフ－ヒラカタシ－コウヤミチ"
"068","高野道東公園","コウヤミチヒガシコウエン","大阪府枚方市高野道2丁目34−26","999.41","0.10","34.84713223","135.6991303","","1","","","1","","","1","","","","","","","","","2","","1","4","","","","3","0","0","0","0","0","0","3","","","","","573-1131","オオサカフ－ヒラカタシ－コウヤミチ"
"069","高野道南公園","コウヤミチミナミコウエン","大阪府枚方市高野道2丁目43−2","2,038.81","0.20","34.84846889","135.6992095","","1","","","2","","1","","","","","2","","1","","","","1","2","13","","","","","","","","","","","","","","","","573-1131","オオサカフ－ヒラカタシ－コウヤミチ"
"070","香陽北公園","コウヨウキタコウエン","大阪府枚方市香里ケ丘11丁目35−52","1,125.48","0.11","34.78756643","135.653107","","","","","1","","","1","","","","1","","1","","","","","","3","","","","","","","","","","","","","","","","573-0084","オオサカフ－ヒラカタシ－コウリガオカ"
"071","香陽公園","コウヨウコウエン","大阪府枚方市香里ケ丘11丁目20−39","784.28","0.08","34.78599648","135.6513289","","","","","1","","","1","","","","1","","1","","","","","","4","","","","3","0","0","0","0","0","0","3","","","","","573-0084","オオサカフ－ヒラカタシ－コウリガオカ"
"072","香里ヶ丘南公園","コウリガオカコウエン","大阪府枚方市香里ケ丘10丁目3735−12","19,830.50","1.98","34.7860374","135.6453645","","","","1","1","","","1","","","1","1","","","","","","","1","4","","","","53","0","0","0","0","0","0","53","","","","","573-0084","オオサカフ－ヒラカタシ－コウリガオカ"
"073","香里ヶ丘中央公園","コウリガオカチュウオウコウエン","大阪府枚方市香里ケ丘3丁目11−29","26,192.00","2.62","34.79140629","135.6522528","○","","","","1","","","","","","","","","1","","","","1","1","27","1","1","","48","0","0","0","0","0","0","48","エドヒガン・ハクサンオオデマリ","","","","573-0084","オオサカフ－ヒラカタシ－コウリガオカ"
"074","香里ヶ丘西公園","コウリガオカニシコウエン","大阪府枚方市香里ケ丘8丁目18−2","9,495.39","0.95","34.79306705","135.6463783","","1","","1","1","","","1","","","","","","1","1","","","","1","9","","","","20","0","0","0","0","0","0","20","","","","","573-0084","オオサカフ－ヒラカタシ－コウリガオカ"
"075","香里ヶ丘東公園","コウリガオカヒガシコウエン","大阪府枚方市香里ケ丘12丁目18−9","11,408.22","1.14","34.79070928","135.6572884","○","","","","","","","1","","","","","","","","","","","","4","","","","16","0","0","0","0","0","0","16","コウヨウ・ハクサンオオデマリ","","","","573-0084","オオサカフ－ヒラカタシ－コウリガオカ"
"076","香里の森公園","コウリノモリコウエン","大阪府枚方市香里園山之手町52−2","5,190.81","0.52","34.7890981","135.6375818","","1","","","1","","1","","","","","","","1","","","","1","2","8","2","","","25","0","0","0","0","0","0","25","","","","","573-0087","オオサカフ－ヒラカタシ－コウリエンヤマノテチョウ"
"077","香里ヒルズ北公園","コウリヒルズキタコウエン","大阪府枚方市東中振2丁目1−32","1,257.67","0.13","34.79756719","135.636241","","","","","1","","","","","","","1","","1","","","","","1","4","","","","","","","","","","","","","","","","573-0093","オオサカフ－ヒラカタシ－ヒガシナカブリ"
"078","香里ヒルズ中央公園","コウリヒルズチュウオウコウエン","大阪府枚方市東中振2丁目28−3","2,068.61","0.21","34.79466593","135.6402977","","","","1","1","","","1","","","","","","1","","","","","1","6","1","","","","","","","","","","","","","","","573-0093","オオサカフ－ヒラカタシ－ヒガシナカブリ"
"079","五常公園","ゴジョウコウエン","大阪府枚方市香里ケ丘6丁目3−15","3,097.60","0.31","34.79855533","135.6464949","","","","","1","","","1","","","","","1","1","","","","","1","5","","","","9","0","0","0","0","0","0","9","","","","","573-0084","オオサカフ－ヒラカタシ－コウリガオカ"
"080","御殿山公園","ゴテンヤマコウエン","大阪府枚方市渚本町12−60","702.70","0.07","34.82943287","135.6565378","","","","1","1","","","","","","","","","1","","","","","1","3","","","","10","0","0","0","0","0","0","10","","","","","573-1181","オオサカフ－ヒラカタシ－ナギサホンマチ"
"081","阪今池公園","サカイマイケコウエン","大阪府枚方市黄金野1丁目3−51","18,854.47","1.89","34.83978437","135.6646785","○","","","","1","","","","","","","","1","1","","","","1","1","16","","","","15","0","0","0","0","0","0","15","","","","","573-1145","オオサカフ－ヒラカタシ－コガネノ"
"082","桜丘公園","サクラオカコウエン","大阪府枚方市桜丘町45−2","635.53","0.06","34.8057919","135.6682901","","","","","1","","","","","","","","","1","","","","","1","3","1","","","3","0","0","0","0","4","0","7","","","","","573-0018","オオサカフ－ヒラカタシ－サクラガオカチョウ"
"083","桜公園","サクラコウエン","大阪府枚方市宮之下町24−1","7,038.89","0.70","34.79434208","135.6536442","","","","","","","1","","","","","1","1","1","","","","","1","10","4","","","56","0","0","0","0","0","0","56","","","","","573-0046","オオサカフ－ヒラカタシ－ミヤノシタチョウ"
"084","笹谷公園","ササダニコウエン","大阪府枚方市長尾家具町2丁目14","6,360.82","0.64","34.84139938","135.7083187","","1","","","1","","","","","","1","1","","1","","","","1","1","7","","","","7","0","0","0","0","4","0","11","","","","","573-0102","オオサカフ－ヒラカタシ－ナガオカグマチ"
"085","蹉跎山公園","サダヤマコウエン","大阪府枚方市香里ケ丘8丁目27−7","4,137.83","0.41","34.79091432","135.6438264","","","","1","1","","","1","","","","1","","1","","","","","1","10","","","","5","0","0","2","0","0","0","7","","","","","573-0084","オオサカフ－ヒラカタシ－コウリガオカ"
"086","さつき丘北公園","サツキガオカキタコウエン","大阪府枚方市山之上西町6−34","3,056.78","0.31","34.80355485","135.6479253","","","","1","1","","","","","","1","1","","1","","","","","1","7","","","","22","0","0","0","0","0","0","22","ヤエザクラ","","","","573-0048","オオサカフ－ヒラカタシ－ヤマノウエニシマチ"
"087","さつき丘中央公園","サツキガオカチュウオウコウエン","大阪府枚方市山之上西町16−22","1,104.97","0.11","34.80176061","135.6485058","","","1","","1","","","","","","","","","1","","","","","1","7","","","","1","0","0","0","0","0","0","1","","","","","573-0048","オオサカフ－ヒラカタシ－ヤマノウエニシマチ"
"088","さつき丘南公園","サツキガオカミナミコウエン","大阪府枚方市山之上5丁目37−1","1,511.50","0.15","34.80006351","135.6472115","","","","","","","","","","","","","1","1","","","","","1","5","","","","9","0","0","0","0","0","0","9","","","","","573-0047","オオサカフ－ヒラカタシ－ヤマノウエ"
"089","獅子口公園","シシグチコウエン","大阪府枚方市長尾家具町4丁目15−20","3,346.51","0.33","34.83659713","135.706208","","","","1","1","","","","","","","1","","1","","","2","1","1","4","","","","9","0","0","0","0","0","0","9","","","","","573-0102","オオサカフ－ヒラカタシ－ナガオカグマチ"
"090","下田公園","シモダコウエン","大阪府枚方市楠葉並木1丁目14−33","1,038.10","0.10","34.85695536","135.6800293","","1","","","","","","","","","","","","1","","","","1","","2","","","","2","0","0","0","0","0","0","2","","","","","573-1118","オオサカフ－ヒラカタシ－クズハナミキ"
"091","神社公園","ジンジャコウエン","大阪府枚方市楠葉丘2丁目18−1","1,127.47","0.11","34.86709112","135.6896299","","","","","","","","","","","","","","","","","","1","","3","","","","17","0","0","0","0","0","0","17","","","","","573-1104","オオサカフ－ヒラカタシ－クズハオカ"
"092","翠香園ふれあい公園","スイコウエンフレアイコウエン","大阪府枚方市翠香園町8−5","6,809.94","0.68","34.79981071","135.6367234","","1","","","1","","1","","","","","","1","1","1","1","","1","2","14","2","","","12","0","0","0","0","0","1","13","","","","","573-0095","オオサカフ－ヒラカタシ－スイコウエンチョウ"
"093","スーパーバンク伊加賀公園","スーパーバンクイカガコウエン","大阪府枚方市伊加賀西町1−1","1,639.88","0.16","34.80742762","135.6241999","","","","","","","","","","","","","","","","","","","1","2","","","","","","","","","","","","","","","","573-0066","オオサカフ－ヒラカタシ－イカガニシマチ"
"094","末広公園","スエヒロコウエン","大阪府枚方市香里ケ丘8丁目11−31","2,860.69","0.29","34.79405582","135.6442479","","1","","","1","","","","","","","1","","1","","","","","1","2","","","","2","0","4","0","0","0","3","9","ハクサンオオデマリ","","","","573-0084","オオサカフ－ヒラカタシ－コウリガオカ"
"095","杉山手北公園","スギヤマテキタコウエン","大阪府枚方市杉山手3丁目32−16","807.96","0.08","34.8163286","135.7243308","","1","","","1","","","","","","1","","","","","","","","","12","","","","2","0","0","0","0","0","0","2","","","","","573-0118","オオサカフ－ヒラカタシ－スギヤマテ"
"096","杉山手中央公園","スギヤマテチュウオウコウエン","大阪府枚方市杉山手3丁目36−39","1,406.66","0.14","34.81548027","135.7230984","","","","","","","1","","","","","","1","","","","","","1","3","","","","","","","","","","","","","","","","573-0118","オオサカフ－ヒラカタシ－スギヤマテ"
"097","杉山手西公園","スギヤマテニシコウエン","大阪府枚方市杉山手1丁目32−1","944.31","0.09","34.81884722","135.7219993","","1","","","1","","","","","","","","","1","1","","","","1","3","","","","","","","","","","","","","","","","573-0118","オオサカフ－ヒラカタシ－スギヤマテ"
"098","杉山手南公園","スギヤマテミナミコウエン","大阪府枚方市杉山手3丁目15−16","1,500.00","0.15","34.81460602","135.7224329","","","","1","1","","","","","","","1","","1","1","","","","1","11","","","","4","0","0","0","0","0","0","4","","","","","573-0118","オオサカフ－ヒラカタシ－スギヤマテ"
"099","須山公園","スヤマコウエン","大阪府枚方市須山町18−15","1,178.92","0.12","34.82152014","135.6717505","","2","","","1","","","1","","","","1","","","1","","","","1","5","","","","0","0","0","0","1","0","0","1","","","","","573-1164","オオサカフ－ヒラカタシ－スヤマチョウ"
"100","須山中央公園","スヤマチュウオウコウエン","大阪府枚方市須山町18−15","909.78","0.09","34.82151374","135.67175","","","","1","1","","","","","","","","","1","","","","","1","5","","","","14","0","0","0","0","0","0","14","","","","","573-1164","オオサカフ－ヒラカタシ－スヤマチョウ"
"101","創造の森","ソウゾウノモリ","大阪府枚方市香里園山之手町49−5","4,584.11","0.46","34.79046992","135.6370984","","","","","","","","","","","","","","","","","","","","2","","","","10","0","0","1","0","0","0","11","","","","","573-0087","オオサカフ－ヒラカタシ－コウリエンヤマノテチョウ"
"102","宗谷公園","ソウヤコウエン","大阪府枚方市宗谷2丁目17−9","1,141.75","0.11","34.79770293","135.7369251","","","","","1","","1","","","","","","","1","","","1","","1","9","","","","","","","","","","","","","","","","573-0113","オオサカフ－ヒラカタシ－ソウヤ"
"103","宗谷・穂谷防災公園","ソウヤホタニ゛ボウサイコウエン","大阪府枚方市宗谷2丁目29−1","464.18","0.05","34.79588538","135.7347132","","","","","","","","","","","","","","","","","","","","","","","","","","","","","","","","","○","","","573-0113","オオサカフ－ヒラカタシ－ソウヤ"
"104","空見の丘公園","ソラミノオカコウエン","大阪府枚方市津田山手2丁目2−20","10,400.06","1.04","34.80397124","135.7118159","○","","","","","","","","","","","","","","","","","","1","6","2","","","8","12","0","0","0","16","1","37","","○","","","573-0128","オオサカフ－ヒラカタシ－ツダヤマテ"
"105","尊延寺あおぞら広場","ソンエンジアオゾラヒロバ","大阪府枚方市尊延寺3丁目1−47","1,343.39","0.13","34.80317213","135.7271898","","","","","","","","","","","","","1","","","","","","","","","","","0","0","0","0","0","0","1","1","エドヒガンザクラ","","","","573-0112","オオサカフ－ヒラカタシ－ソンエンジ"
"106","尊延寺公園","ソンエンジコウエン","大阪府枚方市尊延寺5丁目45−9","935.63","0.09","34.80011737","135.7281665","","1","","","1","","1","","","","","","","1","","","","","1","13","1","","","","","","","","","","","","","","","573-0112","オオサカフ－ヒラカタシ－ソンエンジ"
"107","代々池公園","ダイダイイケコウエン","大阪府枚方市野村中町25−16","1,723.57","0.17","34.80927752","135.6941401","","","","1","2","","","","","","","1","","1","","","","","1","3","","","","5","0","0","0","0","0","0","5","","","","","573-0144","オオサカフ－ヒラカタシ－ノムラナカマチ"
"108","高塚町北公園","タカツカチョウキタコウエン","大阪府枚方市高塚町21−27","856.76","0.09","34.80736327","135.6427766","","","","","","","","","","","","","","","","","","","1","4","","","","8","0","0","0","0","0","0","8","","","","","573-0035","オオサカフ－ヒラカタシ－タカツカチョウ"
"109","高塚町中央公園","タカツカチョウチュウオウコウエン","大阪府枚方市高塚町21−20","896.85","0.09","34.80652272","135.643109","","1","","","","","","","","","","","1","","","","","","1","3","","","","0","0","0","0","0","6","0","6","","","","","573-0035","オオサカフ－ヒラカタシ－タカツカチョウ"
"110","津田駅前東公園","ツダエキマエヒガシコウエン","大阪府枚方市津田駅前2丁目25−5","2,821.82","0.28","34.80028181","135.6994434","","","","","","","","","","","","","1","","","6","","","1","11","1","","","0","0","0","1","0","2","2","5","エドヒガン","","","","573-0125","オオサカフ－ヒラカタシ－ツダエキマエ"
"111","津田南町西公園","ツダミナミマチニシコウエン","大阪府枚方市津田南町1丁目21−10","622.09","0.06","34.80024883","135.7021834","","1","","","1","","","","","","","","","1","","","","","1","4","","","","0","0","0","0","0","0","2","2","エドヒガン","","","","573-0124","オオサカフ－ヒラカタシ－ツダミナミマチ"
"112","津田南町東公園","ツダミナミマチヒガシコウエン","大阪府枚方市津田南町1丁目36−3","661.00","0.07","34.7998359","135.7054686","","1","","","1","","1","","","","","","","1","","","1","","1","5","","","","5","0","0","0","0","0","0","5","","","","","573-0124","オオサカフ－ヒラカタシ－ツダミナミマチ"
"113","出口北公園","デグチキタコウエン","大阪府枚方市出口2丁目27−10","1,391.98","0.14","34.80322447","135.6209232","","","","1","","","","","","","","1","1","1","","","1","","1","5","","","","2","0","0","0","0","0","0","2","","","","","573-0065","オオサカフ－ヒラカタシ－デグチ"
"114","出口西公園","デグチニシコウエン","大阪府枚方市出口6丁目1","983.58","0.10","34.80217933","135.6208361","","","","1","1","","","3","","","","","","1","","","","","1","3","","","","17","0","0","0","0","0","0","17","","","","","573-0065","オオサカフ－ヒラカタシ－デグチ"
"115","出口ふれあい公園","デグチフレアイコウエン","大阪府枚方市出口2丁目1−16","6,461.47","0.65","34.80307135","135.6267714","","1","","","1","","","1","","","","","","1","2","","","1","2","24","1","","","14","2","0","0","0","0","2","18","ヤエザクラ","","","","573-0065","オオサカフ－ヒラカタシ－デグチ"
"116","天満公園","テンマコウエン","大阪府枚方市楠葉丘2丁目13","6,714.47","0.67","34.86665552","135.6913309","","","","1","1","1","1","","","","","","","","","","2","1","1","6","","","","8","0","0","0","0","0","1","9","ヤエザクラ","","","","573-1104","オオサカフ－ヒラカタシ－クズハオカ"
"117","堂ノ背公園","ドウノセコウエン","大阪府枚方市杉1丁目31−1","6,193.81","0.62","34.80974314","135.7196995","","1","","","1","","1","","","","","","","1","","","","1","1","5","1","","","21","0","0","5","0","0","0","26","","○","","","573-0117","オオサカフ－ヒラカタシ－スギ"
"118","東部公園","トウブコウエン","大阪府枚方市尊延寺（大字）2987","65,175.00","6.52","34.80132991","135.745787","","","","","","","","","","","","","2","","","7","","2","","","3","1","","0","0","0","0","0","0","65","65","","○","","","573-0112","オオサカフ－ヒラカタシ－ソンエンジ"
"119","堂山公園","ドウヤマコウエン","大阪府枚方市堂山1丁目22−4","16,876.91","1.69","34.81767611","135.6704285","○","","","1","1","","","1","","","","","","1","","","3","1","1","32","3","","","30","0","0","0","0","0","0","30","","","","","573-0007","オオサカフ－ヒラカタシ－ドウヤマ"
"120","長尾大池公園","ナガオオオイケコウエン","大阪府枚方市長尾東町1丁目33−5","589.69","0.06","34.82556246","135.7162333","","","","1","1","","","","","","","","","","","","","","1","2","","","","3","0","0","0","0","0","0","3","","","","","573-0105","オオサカフ－ヒラカタシ－ナガオヒガシマチ"
"121","長尾台大谷公園","ナガオダイオオタニコウエン","大阪府枚方市長尾台3丁目28−26","3,010.26","0.30","34.81681039","135.7171059","","","","1","1","","","","","","","","","1","","","","","","5","","","","1","0","0","0","0","0","2","3","ヤエザクラ","","","","573-0106","オオサカフ－ヒラカタシ－ナガオダイ"
"122","長尾台亀谷公園","ナガオダイカメタニコウエン","大阪府枚方市長尾台4丁目12−5","1,516.05","0.15","34.82055121","135.7205302","","","","","","","","","","","","","","","","","","","","","","","","2","0","0","0","0","1","0","3","","","","","573-0106","オオサカフ－ヒラカタシ－ナガオダイ"
"123","長尾台北公園","ナガオダイキタコウエン","大阪府枚方市長尾台1丁目6−17","1,031.69","0.10","34.82117389","135.7168685","","","","1","1","","","","1","","","","","1","","","","","1","2","","","","13","0","0","0","0","3","0","16","","","","","573-0106","オオサカフ－ヒラカタシ－ナガオダイ"
"124","長尾台東公園","ナガオダイヒガシコウエン","大阪府枚方市長尾台2丁目22−7","1,044.52","0.10","34.81940465","135.7182962","","","","1","1","","","1","","","","","","1","","","","","1","3","","","","0","0","0","0","0","0","4","4","ヤエザクラ","","","","573-0106","オオサカフ－ヒラカタシ－ナガオダイ"
"125","長尾台南公園","ナガオダイミナミコウエン","大阪府枚方市長尾台2丁目6−3","1,045.85","0.10","34.81842135","135.7166268","","","","1","1","","1","","","","","1","","1","","","","","1","7","","","","4","0","0","0","0","3","0","7","","","","","573-0106","オオサカフ－ヒラカタシ－ナガオダイ"
"126","長尾谷町公園","ナガオタニマチコウエン","大阪府枚方市長尾谷町3丁目20−8","1,130.56","0.11","34.82420175","135.7027031","","1","","","1","","1","","","","1","","","1","","","","","1","1","","","","16","0","0","0","0","0","0","16","","","","","573-0164","オオサカフ－ヒラカタシ－ナガオタニマチ"
"127","長尾西町公園","ナガオニシマチコウエン","大阪府枚方市長尾西町1丁目4−39","714.92","0.07","34.83162137","135.6995521","","1","","","1","","","","","","1","","","1","","","","","1","4","","","","","","","","","","","","","","","","573-0162","オオサカフ－ヒラカタシ－ナガオニシマチ"
"128","長尾東公園","ナガオヒガシコウエン","大阪府枚方市長尾東町3丁目18−17","524.41","0.05","34.82541546","135.7227147","","","","","","","","","","","","","1","","","","","","1","5","1","","","","","","","","","","","","","","","573-0105","オオサカフ－ヒラカタシ－ナガオヒガシマチ"
"129","長尾元町公園","ナガオモトマチコウエン","大阪府枚方市長尾元町3丁目57−32","1,640.54","0.16","34.83019936","135.706721","","","","1","1","","","1","","","1","","","1","","2","3","","1","7","","","","","","","","","","","","","","","","573-0163","オオサカフ－ヒラカタシ－ナガオモトマチ"
"130","中の池公園","ナカノイケコウエン","大阪府枚方市東山2丁目45","40,071.87","4.01","34.8476097","135.6902535","○","","","1","1","","","","","","1","","","1","","","","1","1","7","1","1","","27","6","1","0","0","0","3","37","オオヤマザクラ","","","","573-1114","オオサカフ－ヒラカタシ－ヒガシヤマ"
"131","中の谷公園","ナカノタニコウエン","大阪府枚方市東山1丁目41−6","2,449.28","0.24","34.85045399","135.6901284","","","","1","1","","","","","","","1","","1","","","","","1","7","","","","","","","","","","","","","","","","573-1114","オオサカフ－ヒラカタシ－ヒガシヤマ"
"132","中振中央公園","ナカブリチュウオウコウエン","大阪府枚方市南中振1丁目41−2","558.50","0.06","34.79424459","135.6353977","","1","","","1","","1","","","","","","","1","","","","","","2","","","","11","0","0","0","0","0","1","12","","","","","573-0094","オオサカフ－ヒラカタシ－ミナミナカブリ"
"133","中宮公園","ナカミヤコウエン","大阪府枚方市中宮東之町39−11","2,122.95","0.21","34.81915085","135.6657927","","2","","","1","","","","","","","","","1","","","","","1","6","","","","0","0","0","0","0","0","2","2","サトザクラ","","","","573-1195","オオサカフ－ヒラカタシ－ナカミヤヒガシノチョウ"
"134","渚公園","ナギサコウエン","大阪府枚方市渚栄町6−27","1,162.86","0.12","34.83296581","135.6609901","","1","","","1","","","","","","","","","1","","","","","1","4","","","","10","0","0","0","0","0","0","10","","","","","573-1172","オオサカフ－ヒラカタシ－ナギササカエマチ"
"135","渚栄公園","ナギササカエコウエン","大阪府枚方市渚栄町27−12","540.51","0.05","34.83549093","135.6603861","","","","","","","","","","","","","1","1","","","","","1","3","","","","2","0","0","0","0","0","0","2","","","","","573-1172","オオサカフ－ヒラカタシ－ナギササカエマチ"
"136","渚西公園","ナギサニシコウエン","大阪府枚方市渚西3丁目25−1","1,823.35","0.18","34.83344871","135.6526486","","","","","1","","","","","","","","","1","","","","","1","6","1","","","4","0","0","0","0","0","0","4","","","","","573-1178","オオサカフ－ヒラカタシ－ナギサニシ"
"137","渚東公園","ナギサヒガシコウエン","大阪府枚方市渚東町30−12","827.96","0.08","34.83248629","135.6624303","","","","1","1","","","","","","","","","1","","","","","1","5","","","","5","0","0","0","0","1","0","6","","","","","573-1176","オオサカフ－ヒラカタシ－ナギサヒガシマチ"
"138","茄子作北公園","ナスヅクリキタコウエン","大阪府枚方市茄子作北町48−8","1,145.94","0.11","34.7898576","135.6629785","","","","","","","","","","","","","1","1","1","","","","1","4","1","","","16","0","0","0","0","0","0","16","","","","","573-0083","オオサカフ－ヒラカタシ－ナスヅクリキタマチ"
"139","茄子作東公園","ナスヅクリヒガシコウエン","大阪府枚方市茄子作東町24−18","515.56","0.05","34.78502689","135.6699364","","","","","1","","","1","","","","1","","","","","","","1","3","","","","3","0","0","0","0","0","0","3","","","","","573-0082","オオサカフ－ヒラカタシ－ナスヅクリヒガシマチ"
"140","茄子作南公園","ナスヅクリミナミコウエン","大阪府枚方市茄子作4丁目49−10","1,346.13","0.13","34.78224901","135.6680511","","1","","","1","","","1","","","","","","1","1","","","","1","2","","","","2","0","0","0","0","0","0","2","","","","","573-0071","オオサカフ－ヒラカタシ－ナスヅクリ"
"141","七ツ松公園","ナナツマツコウエン","大阪府枚方市楠葉朝日2丁目15−13","933.34","0.09","34.85898088","135.6862426","","","","","","","","","","","","","","","","","","","","","","","","","","","","","","","","","","","","573-1111","オオサカフ－ヒラカタシ－クズハアサヒ"
"142","西禁野公園","ニシキンヤコウエン","大阪府枚方市西禁野2丁目32−10","813.93","0.08","34.8206366","135.6531228","","1","","","","","","1","","","","","","1","","","","","1","3","1","","","","","","","","","","","","","","","573-1192","オオサカフ－ヒラカタシ－ニシキンヤ"
"143","西牧野公園","ニシマキノコウエン","大阪府枚方市西牧野4丁目4−48","689.56","0.07","34.84547881","135.6625756","","","","","","","","","","","","","2","","","","","","1","6","1","","","1","0","0","0","0","0","0","1","","","","","573-1148","オオサカフ－ヒラカタシ－ニシマキノ"
"144","二の宮公園","ニノミヤコウエン","大阪府枚方市船橋本町1丁目712−2","2,654.36","0.27","34.85377237","135.6811377","","","","1","1","","","","","","","1","","1","","","2","1","1","7","","","","7","0","0","0","0","1","0","8","","","","","573-1116","オオサカフ－ヒラカタシ－フナハシホンマチ"
"145","登公園","ノボルコウエン","大阪府枚方市楠葉野田3丁目37−32","859.21","0.09","34.86877806","135.687444","","","","1","1","","","","","","","","","1","","","","","1","2","","","","9","0","0","0","0","0","0","9","","","","","573-1103","オオサカフ－ヒラカタシ－クズハノダ"
"146","走谷公園","ハシリダニコウエン","大阪府枚方市走谷2丁目25−1","979.48","0.10","34.80143272","135.6327459","","","","1","1","","","","","","","1","","","","","","","1","4","","","","","","","","","","","","","","","","573-0063","オオサカフ－ヒラカタシ－ハシリダニ"
"147","花見の丘公園","ハナミノオカコウエン","大阪府枚方市津田山手1丁目3−14","1,600.26","0.16","34.81004985","135.7072681","","","","","","","","","","","","","","","","","","","","7","","","","11","0","0","0","0","1","0","12","サトザクラ","","","","573-0128","オオサカフ－ヒラカタシ－ツダヤマテ"
"148","日置公園","ヒオキコウエン","大阪府枚方市招提南町3丁目9−5","4,742.42","0.47","34.83060766","135.6857577","","","","1","","","","","","","","","","","1","2","","1","1","11","","","","1","0","0","0","0","0","0","1","","","","","573-1155","オオサカフ－ヒラカタシ－ショウダイミナミマチ"
"149","日置台緑地","ヒオキダイリョクチ","大阪府枚方市招提南町3丁目23−10","4,840.15","0.48","34.83053099","135.6875657","","","","","","","","","","","","","","","","","","1","","10","","","","9","0","0","0","0","0","0","9","","","","","573-1155","オオサカフ－ヒラカタシ－ショウダイミナミマチ"
"150","東香里公園","ヒガシコウリコウエン","大阪府枚方市東香里3丁目29−12","2,866.45","0.29","34.78399054","135.6530722","","","","1","","","","1","","","","2","1","1","","","","","1","10","","","","9","0","0","0","0","0","0","9","ハクサンオオデマリ","","","","573-0075","オオサカフ－ヒラカタシ－ヒガシコウリ"
"151","東香里南町公園","ヒガシコウリミナミマチコウエン","大阪府枚方市東香里南町1","510.48","0.05","34.77531117","135.655653","","","","","","","","","","","","","","","","","","","","","","","","0","0","0","0","0","0","0","0","","","","","573-0074","オオサカフ－ヒラカタシ－ヒガシコウリミナミマチ"
"152","東長尾公園","ヒガシナガオコウエン","大阪府枚方市長尾東町3丁目30−15","1,187.32","0.12","34.82472511","135.7224315","","","","","1","","","","","","","","","1","","","","","","1","","","","2","0","0","0","0","0","0","2","","","","","573-0105","オオサカフ－ヒラカタシ－ナガオヒガシマチ"
"153","東中振北公園","ヒガシナカブリキタコウエン","大阪府枚方市東中振1丁目23−1","501.80","0.05","34.7986849","135.6432507","","","","","1","","","1","1","","","1","","1","","","","","1","2","","","","4","0","0","0","0","0","0","4","","","","","573-0093","オオサカフ－ヒラカタシ－ヒガシナカブリ"
"154","東中振中央公園","ヒガシナカブリチュウオウコウエン","大阪府枚方市東中振1丁目19−35","2,138.29","0.21","34.79745433","135.6410161","","","","1","1","","","","","","","","","1","1","","","1","1","8","","","","6","0","0","0","0","0","0","6","","","","","573-0093","オオサカフ－ヒラカタシ－ヒガシナカブリ"
"155","東中振西公園","ヒガシナカブリニシコウエン","大阪府枚方市東中振1丁目18−21","886.07","0.09","34.79678372","135.63883","","1","","","1","","","","","","","1","","1","1","","","","1","7","","","","3","0","0","0","0","0","0","3","","","","","573-0093","オオサカフ－ヒラカタシ－ヒガシナカブリ"
"156","東中振南公園","ヒガシナカブリミナミコウエン","大阪府枚方市東中振1丁目32−12","504.95","0.05","34.79726142","135.6437264","","","","","","","","","1","","","1","","1","","","","","1","2","","","","5","0","0","0","0","0","0","5","","","","","573-0093","オオサカフ－ヒラカタシ－ヒガシナカブリ"
"157","東山公園","ヒガシヤマコウエン","大阪府枚方市楠葉面取町2丁目5−18","667.81","0.07","34.85429067","135.6908052","","","","","","","","","","","","","1","2","","","","","","7","","","","0","0","0","0","0","6","0","6","","","","","573-1113","オオサカフ－ヒラカタシ－クズハメンドリチョウ"
"158","氷室台西公園","ヒムロダイニシコウエン","大阪府枚方市氷室台1丁目7−1","1,363.87","0.14","34.81019467","135.7272822","","1","","","1","","","","","","","","","1","","","1","","","10","","","","","","","","","","","","","","","","573-0115","オオサカフ－ヒラカタシ－ヒムロダイ"
"159","氷室台南公園","ヒムロダイミナミコウエン","大阪府枚方市氷室台1丁目34−7","3,253.96","0.33","34.80822906","135.7317298","","1","","","3","","","1","","","","1","","1","","","2","","1","15","","","","16","0","0","0","0","0","0","16","","","","","573-0115","オオサカフ－ヒラカタシ－ヒムロダイ"
"160","平野公園","ヒラノコウエン","大阪府枚方市招提中町1丁目44−18","1,123.23","0.11","34.83570478","135.6803187","","","","","","","","","","","","","1","1","","","","1","1","4","","","","0","0","0","0","0","0","3","3","サトザクラ","","","","573-1152","オオサカフ－ヒラカタシ－ショウダイナカマチ"
"161","藤阪北町公園","フジサカキタマチコウエン","大阪府枚方市藤阪北町4−13","862.62","0.09","34.82349736","135.7049549","","1","","","1","","","1","","","1","1","","1","","","","","","4","","","","4","0","0","0","0","0","0","4","","","","","573-0151","オオサカフ－ヒラカタシ－フジサカキタマチ"
"162","藤阪北町西公園","フジサカキタマチニシコウエン","大阪府枚方市藤阪北町1−7","838.16","0.08","34.82401603","135.7031792","","","","","1","","","1","","","","","","","","","","","","","","","","3","0","0","0","0","0","0","3","","","","","573-0151","オオサカフ－ヒラカタシ－フジサカキタマチ"
"163","藤阪公園","フジサカコウエン","大阪府枚方市藤阪元町3丁目18−2","806.61","0.08","34.82074563","135.7029319","","1","","","1","","1","","","","","","","1","","","","","1","4","","","","4","0","0","0","0","0","1","5","ヤエザクラ","","","","573-0157","オオサカフ－ヒラカタシ－フジサカモトマチ"
"164","藤阪西公園","フジサカニシコウエン","大阪府枚方市藤阪西町1−4","1,088.61","0.11","34.82124841","135.6978007","","","","1","","","","1","","","","","1","","1","","","","1","14","","","","7","0","0","0","0","0","0","7","","","","","573-0158","オオサカフ－ヒラカタシ－フジサカニシマチ"
"165","藤阪東公園","フジサカヒガシコウエン","大阪府枚方市藤阪西町6−52","2,137.33","0.21","34.82056515","135.700325","","","","","","","","","","","","","","","","","","","1","6","","","","0","10","0","0","0","0","0","10","","","","","573-0158","オオサカフ－ヒラカタシ－フジサカニシマチ"
"166","藤阪東町北公園","フジサカヒガシマチキタコウエン","大阪府枚方市藤阪東町3丁目4−3","628.78","0.06","34.81983168","135.7139996","","","","","","","","","","","","","","","","","","","","","","","","2","0","0","0","0","0","0","2","","","","","573-0153","オオサカフ－ヒラカタシ－フジサカヒガシマチ"
"167","藤阪東町中央公園","フジサカヒガシマチチュウオウコウエン","大阪府枚方市藤阪東町1丁目","4,389.75","0.44","34.82085201","135.7112187","","","","","","","","","","","","","","","","","","","","","","","","","","","","","","","","","","","","573-0153","オオサカフ－ヒラカタシ－フジサカヒガシマチ"
"168","藤阪東町南公園","フジサカヒガシマチミナミコウエン","大阪府枚方市藤阪東町3丁目9−7","1,027.60","0.10","34.81877605","135.714484","","","","","","","","","","","","","","","","","","","","","","","","13","0","0","0","0","3","0","16","","","","","573-0153","オオサカフ－ヒラカタシ－フジサカヒガシマチ"
"169","藤阪宮山公園","フジサカミヤヤマコウエン","大阪府枚方市藤阪天神町19−9","1,712.53","0.17","34.81626579","135.7090857","","","","","","","","","","","","","","","","","","","","","","","","","","","","","","","","","","","","573-0155","オオサカフ－ヒラカタシ－フジサカテンジンチョウ"
"170","武生田公園","ブショウデンコウエン","大阪府枚方市尊延寺5丁目52−4","3,109.42","0.31","34.79861741","135.7263033","","","","1","1","","","1","","","","","","1","","","","","","13","","","","9","0","0","0","0","0","0","9","","","","","573-0112","オオサカフ－ヒラカタシ－ソンエンジ"
"171","古城公園","フジロコウエン","大阪府枚方市津田南町2丁目37−1","1,578.11","0.16","34.80242336","135.7059047","","1","","","","","","1","","","","1","","","","","","","1","","","","","0","0","0","0","0","9","0","9","","","","","573-0124","オオサカフ－ヒラカタシ－ツダミナミマチ"
"172","船橋公園","フナハシコウエン","大阪府枚方市東船橋1丁目29−3","2,097.98","0.21","34.85374795","135.6843545","","","","1","1","","","","","","","","","1","","","2","","1","7","1","","","3","0","2","0","0","0","0","5","","","","","573-1115","オオサカフ－ヒラカタシ－ヒガシフナハシ"
"173","坊主池公園","ボウズイケコウエン","大阪府枚方市岡山手町11−72","7,695.90","0.77","34.80867929","135.6460809","","","","","1","","","","","","","1","","1","","","3","","1","14","1","","","0","0","13","0","0","0","3","16","サトザクラ","","","","573-0034","オオサカフ－ヒラカタシ－オカヤマテチョウ"
"174","星ケ丘公園","ホシガオカコウエン","大阪府枚方市星丘2丁目10−37","4,472.12","0.45","34.80947404","135.6616322","","1","","","","","","1","","","","","1","1","","7","2","","1","7","1","","","","","","","","","","","","","","","573-0013","オオサカフ－ヒラカタシ－ホシガオカ"
"175","穂谷公園","ホタニコウエン","大阪府枚方市穂谷2丁目2−22","1,236.65","0.12","34.79557435","135.7290922","","1","","","","","","","","","","","","","","","","1","","3","1","","","","","","","","","","","","","","","573-0114","オオサカフ－ヒラカタシ－ホタニ"
"176","牧野公園","マキノコウエン","大阪府枚方市牧野阪2丁目15","10,747.33","1.07","34.84212578","135.6685253","○","","","1","1","","","","","","","1","1","2","","","3","2","1","15","","","","30","2","0","4","0","0","9","45","ヤエザクラ","","","","573-1146","オオサカフ－ヒラカタシ－マキノサカ"
"177","松美ヶ丘公園","マツミガオカコウエン","大阪府枚方市長尾西町3丁目10−3","520.53","0.05","34.83326691","135.7027577","","","","","","","","","","","","","1","","","","","","1","3","1","","","","","","","","","","","","","","","573-0162","オオサカフ－ヒラカタシ－ナガオニシマチ"
"178","三矢公園","ミツヤコウエン","大阪府枚方市三矢町6−10","819.57","0.08","34.81479311","135.6421697","","","","","","","","","","","","","1","","","2","","1","1","1","1","","","3","0","0","1","0","0","0","4","","","","","573-0051","オオサカフ－ヒラカタシ－ミツヤチョウ"
"179","南谷公園","ミナミダニコウエン","大阪府枚方市香里ケ丘8丁目21−10","3,280.70","0.33","34.79030352","135.6466116","","","","1","","","","","","","","1","","","","","","","1","5","","","","","","","","","","","","","","","","573-0084","オオサカフ－ヒラカタシ－コウリガオカ"
"180","南中振公園","ミナミナカブリコウエン","大阪府枚方市南中振2丁目4−7","2,542.97","0.25","34.79392268","135.6291359","","1","","","1","","","","","","","","","","","3","","","1","6","","","","9","1","4","0","0","0","5","19","サトザクラ","","","","573-0094","オオサカフ－ヒラカタシ－ミナミナカブリ"
"181","南船橋公園","ミナミフナハシコウエン","大阪府枚方市南船橋2丁目15−14","801.51","0.08","34.84970074","135.6821628","","1","","","","","","","","","","","1","1","","","","","1","5","","","","8","0","0","0","0","0","0","8","","","","","573-1123","オオサカフ－ヒラカタシ－ミナミフナハシ"
"182","宮之阪公園","ミヤノサカコウエン","大阪府枚方市宮之阪3丁目12−1","555.49","0.06","34.81271026","135.6583408","","1","","","1","","1","","","","","1","","1","","","","","1","2","","","","","","","","","","","","","","","","573-0022","オオサカフ－ヒラカタシ－ミヤノサカ"
"183","宮之阪東公園","ミヤノサカヒガシコウエン","大阪府枚方市宮之阪4丁目18−22","1,353.60","0.14","34.81177417","135.6621127","","1","","","1","","","","","","","","","1","","","","","1","4","1","","","0","0","0","0","0","0","0","0","","","","","573-0022","オオサカフ－ヒラカタシ－ミヤノサカ"
"184","村野公園","ムラノコウエン","大阪府枚方市村野本町9−2","1,095.48","0.11","34.80296253","135.6655698","","","","1","1","","","","","","","1","","","","","","","","3","","","","15","0","0","0","0","0","0","15","","","","","573-0016","オオサカフ－ヒラカタシ－ムラノホンマチ"
"185","村野西町公園","ムラノニシマチコウエン","大阪府枚方市村野西町4","951.61","0.10","34.80013181","135.6619041","","1","","","1","","","1","","","","","","1","","","","","","4","","","","3","0","0","0","0","0","0","3","","","","","573-0042","オオサカフ－ヒラカタシ－ムラノニシマチ"
"186","村野東町公園","ムラノヒガシマチコウエン","大阪府枚方市村野東町27−7","490.44","0.05","34.80030468","135.6705973","","1","","","1","","","1","","","","","","","","","","","1","3","","","","","","","","","","","","","","","","573-0015","オオサカフ－ヒラカタシ－ムラノヒガシマチ"
"187","村野南町公園","ムラノミナミマチコウエン","大阪府枚方市村野南町","3,161.18","0.32","34.79900666","135.6626041","","","","","","","","1","","","","","1","1","","","","","1","4","","","","0","0","0","0","0","0","0","0","","","","","573-0043","オオサカフ－ヒラカタシ－ムラノミナミマチ"
"188","三栗東公園","メグリヒガシコウエン","大阪府枚方市三栗1丁目17−20","809.49","0.08","34.83579199","135.6598676","","","","1","1","","","1","","","","","","1","","","","","1","4","","","","2","0","0","0","0","0","0","2","","","","","573-1171","オオサカフ－ヒラカタシ－メグリ"
"189","三栗南公園","メグリミナミコウエン","大阪府枚方市三栗1丁目24−12","498.43","0.05","34.83487289","135.6574727","","","","1","1","","","","","","","","","1","","","","","1","3","","","","","","","","","","","","","","","","573-1171","オオサカフ－ヒラカタシ－メグリ"
"190","面取公園","メンドリコウエン","大阪府枚方市楠葉朝日1丁目15−6","1,023.89","0.10","34.85621427","135.6850233","","","","1","1","","","","","","","","","1","","","","","1","6","","","","","","","","","","","","","","","","573-1111","オオサカフ－ヒラカタシ－クズハアサヒ"
"191","薬師谷公園","ヤクシダニコウエン","大阪府枚方市長尾西町1丁目30−29","6,513.00","0.65","34.82787843","135.7034306","","","","1","1","","","","","","","","","1","","","2","","1","3","","","","4","0","0","0","0","5","0","9","","","","","573-0162","オオサカフ－ヒラカタシ－ナガオニシマチ"
"192","養父東公園","ヤブヒガシコウエン","大阪府枚方市養父東町5−1","3,067.66","0.31","34.84568942","135.675069","","","","1","1","","","","","","","","","1","","","","1","1","2","","","","3","0","0","0","0","0","0","3","","","","","573-1124","オオサカフ－ヒラカタシ－ヤブヒガシマチ"
"193","養父元町公園","ヤブモトマチコウエン","大阪府枚方市養父元町46−1","2,661.05","0.27","34.84909291","135.6719119","","","","","","","","","","","","","1","1","","","","","1","12","1","","","0","2","0","0","0","0","0","2","","","","","573-1125","オオサカフ－ヒラカタシ－ヤブモトマチ"
"194","山之上北町公園","ヤマノウエキタマチコウエン","大阪府枚方市山之上西町5−12","883.48","0.09","34.80419569","135.6494206","","1","","1","1","","","1","","","","","","1","","","1","","","3","","","","","","","","","","","","","","","","573-0048","オオサカフ－ヒラカタシ－ヤマノウエニシマチ"
"195","山原公園","ヤマハラコウエン","大阪府枚方市東船橋2丁目109−19","1,415.24","0.14","34.85201111","135.6874211","","","","1","","","","","","","","","","1","","","","","1","2","1","","","6","0","0","0","0","0","0","6","","","","","573-1115","オオサカフ－ヒラカタシ－ヒガシフナハシ"
"196","淀見公園","ヨドミコウエン","大阪府枚方市香里ケ丘8丁目5","5,436.14","0.54","34.79316149","135.6431202","","","","1","1","","","1","","","","1","","1","","","","","1","16","","","","52","0","0","0","0","0","7","59","","","","","573-0084","オオサカフ－ヒラカタシ－コウリガオカ"
"197","らんぱん公園","ランパンコウエン","大阪府枚方市牧野阪3丁目5−10","629.24","0.06","34.84064134","135.6662145","","","","","","","","","","","","","","","","","","","1","1","1","","","0","0","0","0","0","0","2","2","サトザクラ","","","","573-1146","オオサカフ－ヒラカタシ－マキノサカ"
"198","六反町公園","ロクタンチョウコウエン","大阪府枚方市楠葉朝日3丁目7−10","1,033.05","0.10","34.86080303","135.6866342","","1","","","1","","","1","","","","","","1","","","","","1","3","","","","","","","","","","","","","","","","573-1111","オオサカフ－ヒラカタシ－クズハアサヒ"
"199","わさ谷公園","ワサダニコウエン","大阪府枚方市東中振1丁目15−7","583.98","0.06","34.7992363","135.6398789","","1","","","1","","","","","","","","","1","","","","","1","4","","","","","","","","","","","","","","","","573-0093","オオサカフ－ヒラカタシ－ヒガシナカブリ"
"200","王仁公園","ワニコウエン","大阪府枚方市王仁公園1−1","92,940.00","9.29","34.81796782","135.7069757","○","1","","","1","","1","","","","1","","","1","1","","","2","3","108","5","2","","267","21","10","2","0","64","65","429","ヤエベニシダレ","","","","573-0154","オオサカフ－ヒラカタシ－ワニコウエン"
