"id","name","y","x","address","area","area_ha","is_evacuation_area","ブランコ_2","ブランコ_3","ブランコ_4","すべり台","鉄棒_1","鉄棒_2","鉄棒_3","鉄棒_4","鉄棒_5","シーソー","ジャングルジム","複合遊具","砂場","ラダー","健康遊具","プレイスカルプチャー(遊戯彫刻)","便所","水飲場","ベンチ","四阿","有料駐車場","無料駐車場","ソメイヨシノ","オオシマザクラ","カンヒザクラ","シダレザクラ","カワズザクラ","ヤマザクラ","桜_その他","桜_合計","桜_その他_品種","is_nice_scenery"
"1","尊延寺あおぞら広場","34.80317213","135.7271898","大阪府枚方市尊延寺3丁目1−47","1343.39","0.134","","","","","","","","","","","","","1","","","","","","","","","","","0","0","0","0","0","0","1","1","エドヒガン",""
"2","あかね丘公園","34.8008958","135.6331999","大阪府枚方市北中振1丁目1(府道21号線沿い)","548.17","0.055","","","","1","1","","","1","","","","","","1","","","1","","1","7","1","","","","","","","","","","","",""
"3","旭ヶ丘中央公園","34.77635257","135.6529001","大阪府枚方市東香里南町21−12","1930.77","0.193","","1","","","1","","","","","","","","","1","","","","","1","2","","","","1","0","0","0","0","0","0","1","",""
"4","旭ヶ丘西公園","34.77780792","135.6507224","大阪府枚方市東香里南町31−23","1886.19","0.189","","1","","","1","","","","","","","","","1","","","","","1","6","","","","6","0","0","0","0","0","0","6","",""
"5","旭ヶ丘東公園","34.77616526","135.655468","大阪府枚方市東香里南町54−11","842.63","0.084","","","","1","1","","","1","","","","","","1","","","","","","5","","","","","","","","","","","","",""
"6","あんご公園","34.80975156","135.6529164","大阪府枚方市東田宮1丁目5−12","2743.14","0.274","","","","","","","","","","","","","1","1","","","","","1","14","","","","8","0","8","0","0","0","0","16","",""
"7","伊加賀栄公園","34.80588501","135.6353846","大阪府枚方市伊加賀栄町10−29","2825.96","0.283","","1","","","1","","","","","","","","","1","","","","1","","8","1","","","1","0","0","0","0","0","0","1","",""
"8","伊加賀山公園","34.79784152","135.6457699","大阪府枚方市香里ケ丘6丁目20","4433.82","0.443","","","1","","1","","","","","","1","","","","","","","","","3","","","","28","0","0","0","0","0","0","28","",""
"9","伊加賀公園","34.81138525","135.6376873","大阪府枚方市堤町7−2","948.36","0.095","","1","","","1","","","","","1","","1","","","","","","","1","4","","","","14","0","0","0","0","0","2","16","",""
"10","池之宮西公園","34.81156769","135.6706329","大阪府枚方市池之宮2丁目23−13","829.02","0.083","","1","","","1","","1","","","","","","","1","","","","","1","2","","","","1","0","0","0","0","0","0","1","",""
"11","以楽公園","34.79620283","135.6484142","大阪府枚方市香里ケ丘5丁目2−8","8047.64","0.805","","","","","","","","","","","","","","","","","","","","6","","","","32","0","0","0","0","0","0","32","サトザクラ",""
"12","印田町ふれあい公園","34.80460249","135.6675873","大阪府枚方市印田町43−15","5700.00","0.57","","","","","","","1","","","","","","1","","","4","2","1","1","13","1","","","4","0","1","0","0","0","0","5","",""
"13","うしろ谷公園","34.84957671","135.7023107","大阪府枚方市高野道2丁目24−11","2962.81","0.296","","","","1","1","","","1","","","","1","","1","","","","","1","8","","","","0","0","0","0","0","0","15","15","ヤエザクラ",""
"14","宇山東公園","34.84314796","135.672897","大阪府枚方市養父丘1丁目10−27","2417.60","0.242","","","","","","","","","","","","","1","1","","","","","1","10","1","","","0","0","0","0","0","9","0","9","",""
"15","岡東中央公園","34.8149243","135.6500978","大阪府枚方市岡東町7−5","4932.78","0.493","","","1","","","","","","","","","","1","1","","2","","1","1","6","1","","","0","0","0","1","0","0","1","2","アマノガワ",""
"16","岡東公園","34.81422319","135.6473807","大阪府枚方市岡東町16−10","1907.37","0.191","","1","","","1","","","","","","","","","1","","","","","1","4","","","","3","0","0","0","0","0","0","3","",""
"17","岡本町公園","34.81503975","135.6466252","大阪府枚方市岡本町8−20","1060.04","0.106","","","","","","","","","","","","","1","1","","","","","1","12","","","","","","","","","","","","",""
"18","小倉東公園","34.83549387","135.669184","大阪府枚方市小倉東町26−6","557.49","0.056","","1","","","1","","","1","","","1","","","1","","","","","","2","","","","2","0","0","0","0","0","0","2","",""
"19","御茶屋御殿跡展望広場公園","34.81379284","135.6426304","大阪府枚方市枚方元町1−21","1980.00","0.198","","","","","","","","","","","","","","","","","","","1","6","1","","","0","0","0","4","0","7","0","11","","○"
"20","開成公園","34.79206188","135.6565579","大阪府枚方市香里ケ丘2丁目5","3561.00","0.356","","","","","","","","","","","","","","","","","","","1","12","","","","0","0","0","0","0","0","27","27","ヤエザクラ",""
"21","甲斐田公園","34.82832211","135.6716003","大阪府枚方市交北1丁目2−11","1150.03","0.115","","1","","","1","","","","","","","1","","","","","","","1","2","","","","3","0","0","0","0","0","0","3","",""
"22","風見の丘公園","34.80469931","135.7067307","大阪府枚方市津田山手1丁目30−1","2501.66","0.25","","","","","","","","","","","","","","1","","","","","1","4","1","","","9","0","0","0","0","0","0","9","",""
"23","春日野公園","34.80925367","135.6897852","大阪府枚方市春日野2丁目3−25","693.41","0.069","","","","","","","","","","","","","","","","","","","1","3","1","","","7","0","0","0","0","0","0","7","",""
"24","春日元町公園","34.80263659","135.6881298","大阪府枚方市春日元町1丁目20−5","2569.12","0.257","","","","1","1","","","1","","","","","2","1","","1","","","1","5","2","","","9","0","0","0","0","0","0","9","",""
"25","春日公園","34.78041053","135.6601077","大阪府枚方市高田2丁目25−45","3436.39","0.344","","","","","1","","","","","","","","2","","","","","","1","8","","","","32","0","0","0","0","0","0","32","",""
"26","片鉾東公園","34.83427296","135.6765658","大阪府枚方市片鉾東町32−3","884.49","0.088","","1","","","1","","1","","","","","","","","","","","","1","6","","","","1","0","0","0","0","0","0","1","",""
"27","金崎公園","34.85725616","135.6876175","大阪府枚方市楠葉朝日1丁目17−17","1024.71","0.102","","1","","","1","","","","","","","","","1","","","","","1","4","","","","","","","","","","","","",""
"28","釜ヶ谷公園","34.82767356","135.719349","大阪府枚方市長尾東町2丁目34−5","858.29","0.086","","","","1","1","","","","","","1","","","1","","","","","","5","","","","3","0","0","0","0","0","0","3","",""
"29","上島北公園","34.85055267","135.668434","大阪府枚方市牧野北町8","924.11","0.092","","","","","","","","","1","1","","","","","","","","","","8","","","","2","0","0","0","0","0","0","2","",""
"30","上島町公園","34.84772669","135.668336","大阪府枚方市上島町4−11","772.18","0.077","","","","","","","","","","","","","1","1","","","","","1","10","","","","","","","","","","","","",""
"31","上島東公園","34.84951362","135.6678391","大阪府枚方市牧野北町7","2328.62","0.233","","1","","","1","","","","","","1","1","","1","","","","","","31","","","","3","0","0","0","0","0","0","3","",""
"32","上島南公園","34.84807492","135.6650949","大阪府枚方市牧野北町6−3","2839.54","0.284","","","","1","1","","","1","","","1","1","","1","","","","","1","16","","","","64","0","10","0","0","0","0","74","",""
"33","上之町公園","34.80824725","135.6435501","大阪府枚方市枚方上之町14−11","559.93","0.056","","","","","","","","","","","","","","1","","","","","1","19","","","","2","0","0","0","0","0","0","2","",""
"34","観月公園","34.78633738","135.6478115","大阪府枚方市香里ケ丘11丁目2−13","6307.57","0.631","","","","","","","","","","","","","","","","","","","","","","","","9","0","19","0","0","0","0","28","",""
"35","観音山公園","34.78889273","135.6532805","大阪府枚方市香里ケ丘12丁目6−16","7899.21","0.79","","","","","","","","","","","","","","","","3","","","","11","","","","101","0","0","0","0","0","0","101","ヤエザクラ",""
"36","菊丘東公園","34.80500119","135.6445118","大阪府枚方市菊丘町31−6","953.76","0.095","","","","1","1","","","","","","","1","","1","","","3","","1","7","","","","16","0","0","0","0","0","0","16","",""
"37","菊丘南公園","34.79903228","135.6449834","大阪府枚方市菊丘南町5−2","970.12","0.097","","1","","","1","","1","","","","","","","1","","","2","","1","7","","","","24","0","0","0","0","0","0","24","",""
"38","菊丘公園","34.80503675","135.6421191","大阪府枚方市菊丘町10−2","751.5","0.075","","","","1","","","","","","","1","","","1","","","1","","","8","","","","","","","","","","","","",""
"39","北楠葉公園","34.870496","135.6841328","大阪府枚方市北楠葉町36−26","722.65","0.072","","1","","","1","","","1","","","","","","1","","","","","1","4","","","","","","","","","","","","",""
"40","北谷川西公園","34.82389446","135.6968748","大阪府枚方市山田池東町18−35","1014.42","0.101","","","","","1","","","1","","","","","","1","","","1","","","4","","","","","","","","","","","","",""
"41","北谷川公園","34.82330656","135.6998255","大阪府枚方市長尾谷町3丁目8−30","2805.10","0.281","","1","","","1","","","","","","","1","","","","","","","1","","","","","0","0","0","0","0","0","0","0","",""
"42","北谷公園","34.79501403","135.6474448","大阪府枚方市香里ケ丘7丁目2−3","4302.33","0.43","","","","","","","","","","","","","","","","","","","","5","","","","5","0","0","0","0","0","0","5","",""
"43","北山中央公園","34.84104839","135.7023279","大阪府枚方市北山1丁目32−10","2549.79","0.255","","","","","","","","","","","","","1","1","","","","","1","8","1","","","0","0","0","0","0","1","0","1","",""
"44","北山南公園","34.83734722","135.6996198","大阪府枚方市北山1丁目62−8","2500.24","0.25","","","","","2","","","","","","","","","","","","","","1","1","1","","","0","0","0","0","0","0","5","5","",""
"45","北山公園","34.84495691","135.7029991","大阪府枚方市長尾家具町1丁目2−12","20103.74","2.01","○","1","","","1","","","","","","","","1","1","","","","1","3","16","","","","27","0","0","0","0","0","0","27","ヤエアケボノ,ハクサンオオデマリ",""
"46","禁野車塚公園","34.81087654","135.656891","大阪府枚方市宮之阪5丁目3−14","5830.95","0.583","","","","","","","","","","","","","1","1","","","","","","4","1","","","","","","","","","","","",""
"47","禁野本町遺跡公園","34.82163761","135.6606988","大阪府枚方市中宮北町13−20","500.15","0.05","","","","","","","","","","","","","","","","","","","1","","","","","","","","","","","","","",""
"48","九頭神廃寺史跡公園","34.83940176","135.6727707","大阪府枚方市牧野本町1丁目32−2","1154.90","0.115","","","","","","","","","","","","","1","","","2","","","","2","1","","","0","0","2","1","0","0","0","3","",""
"49","楠葉中央公園","34.85941359","135.6807459","大阪府枚方市楠葉並木2丁目15−3","10717.03","1.072","○","1","","","","","","","","","","","","1","","","","1","1","49","","","","53","0","0","0","0","0","3","56","ヤエザクラ,ハクサンオオデマリ",""
"50","楠葉中町西公園","34.86915472","135.6800425","大阪府枚方市楠葉中町26−10","842.39","0.084","","1","","","1","","","","","","1","","","1","","","","","1","3","","","","","","","","","","","","",""
"51","楠葉中町東公園","34.86802615","135.6828279","大阪府枚方市楠葉中町67−4","601.93","0.06","","1","","","","","","","","","1","","","1","","","","","1","3","","","","3","0","0","0","0","0","0","3","",""
"52","楠葉東公園","34.86072875","135.6918169","大阪府枚方市 くずはアベニュー","26716.87","2.672","○","","","1","2","","","","","","1","","","1","1","","3","1","2","38","","","","98","0","1","2","0","0","2","103","ヤエザクラ",""
"53","百済寺跡公園","34.81569279","135.6607627","大阪府枚方市中宮西之町1−30","21514.35","2.151","○","1","","","1","","1","","","","1","","","","1","","","1","1","11","","","","28","0","0","0","0","0","0","28","",""
"54","くにみの丘公園","34.80780408","135.7099953","大阪府枚方市津田山手1丁目15−12","13631.44","1.363","○","","","","","","","","","","","","1","","","","","1","1","7","1","","","12","0","0","0","0","0","7","19","サトザクラ","○"
"55","車谷公園","34.84486006","135.7090602","大阪府枚方市長尾家具町2丁目3−19","5537.17","0.554","","","","1","","","","","","","","","2","1","","","","1","1","3","","","","31","0","0","0","0","0","0","31","",""
"56","車塚公園","34.8335464","135.6690309","大阪府枚方市小倉東町40−1","50164.51","5.016","○","","","","1","","","","","","","","","1","","9","","1","2","25","2","","3","27","15","3","8","28","0","1","82","淡墨桜",""
"57","桑ヶ谷公園","34.79585598","135.6594299","大阪府枚方市香里ケ丘1丁目4−2","12066.89","1.207","○","","","","","","","","","","","","","","","","","","","2","","","","5","0","0","0","0","0","0","5","",""
"58","けやき坂公園","34.82529551","135.7019713","大阪府枚方市長尾谷町2丁目525","1860.03","0.186","","","","1","1","","","","","","","","","1","","","1","","1","6","","","","0","0","0","0","0","10","0","10","",""
"59","甲須公園","34.82079531","135.6760639","大阪府枚方市甲斐田新町21−14","2674.08","0.267","","","","","1","","","","","","","1","","1","","","","","1","5","2","","","4","0","0","0","0","0","0","4","",""
"60","交北北公園","34.83045842","135.682009","大阪府枚方市交北3丁目10−5","733.44","0.073","","","","","1","","","","","","","","","","","","","","1","5","","","","","","","","","","","","",""
"61","交北公園","34.8285473","135.6812548","大阪府枚方市交北4丁目560−2","31746.00","3.175","○","","","","2","","","","","","","","2","2","","7","","1","1","52","3","","","49","0","0","2","0","9","0","60","","○"
"62","高野道東公園","34.84713223","135.6991303","大阪府枚方市高野道2丁目34−26","999","0.1","","1","","","1","","","1","","","","","","","","","2","","1","4","","","","3","0","0","0","0","0","0","3","",""
"63","高野道南公園","34.84846889","135.6992095","大阪府枚方市高野道2丁目43−2","2039.18","0.204","","1","","","2","","1","","","","","2","","1","","","","1","2","13","","","","","","","","","","","","",""
"64","高野道公園","34.8508206","135.7018691","大阪府枚方市高野道2丁目20 東高野街道","579.65","0.058","","","","","1","","","1","","","","","","1","","","","","1","2","","","","0","0","0","0","0","0","6","6","ヤエザクラ",""
"65","香陽北公園","34.78756643","135.653107","大阪府枚方市香里ケ丘11丁目35−52","1125.48","0.113","","","","","1","","","1","","","","1","","1","","","","","","3","","","","","","","","","","","","",""
"66","香陽公園","34.78599648","135.6513289","大阪府枚方市香里ケ丘11丁目20−39","784.28","0.078","","","","","1","","","1","","","","1","","1","","","","","","4","","","","3","0","0","0","0","0","0","3","",""
"67","香里ヶ丘中央公園","34.79140629","135.6522528","大阪府枚方市香里ケ丘3丁目11−29","26192.00","2.619","○","","","","1","","","","","","","","","1","","","","1","1","27","1","1","","48","0","0","0","0","0","0","48","エドヒガン,ハクサンオオデマリ",""
"68","香里ヶ丘西公園","34.79306705","135.6463783","大阪府枚方市香里ケ丘8丁目18−2","9495.39","0.95","","1","","1","1","","","1","","","","","","1","1","","","","1","9","","","","20","0","0","0","0","0","0","20","",""
"69","香里ヶ丘東公園","34.79070928","135.6572884","大阪府枚方市香里ケ丘12丁目18−9","11408.22","1.141","○","","","","","","","1","","","","","","","","","","","","4","","","","16","0","0","0","0","0","0","16","コウヨウザクラ,ハクサンオオデマリ",""
"70","香里ヶ丘南公園","34.7860374","135.6453645","大阪府枚方市香里ケ丘10丁目3735−12","19830.50","1.983","","","","1","1","","","1","","","1","1","","","","","","","1","4","","","","53","0","0","0","0","0","0","53","",""
"71","香里の森公園","34.7890981","135.6375818","大阪府枚方市香里園山之手町52−2","5190.81","0.519","","1","","","1","","1","","","","","","","1","","","","1","2","8","2","","","25","0","0","0","0","0","0","25","",""
"72","香里ヒルズ北公園","34.79756719","135.636241","大阪府枚方市東中振2丁目1−32","1257.67","0.126","","","","","1","","","","","","","1","","1","","","","","1","4","","","","","","","","","","","","",""
"73","香里ヒルズ中央公園","34.79466593","135.6402977","大阪府枚方市東中振2丁目28−3","2068.61","0.207","","","","1","1","","","1","","","","","","1","","","","","1","6","1","","","","","","","","","","","",""
"74","五常公園","34.79855533","135.6464949","大阪府枚方市香里ケ丘6丁目3−15","3097.60","0.31","","","","","1","","","1","","","","","1","1","","","","","1","5","","","","9","0","0","0","0","0","0","9","",""
"75","御殿山公園","34.82943287","135.6565378","大阪府枚方市渚本町12−60","702.7","0.07","","","","1","1","","","","","","","","","1","","","","","1","3","","","","10","0","0","0","0","0","0","10","",""
"76","阪今池公園","34.83978437","135.6646785","大阪府枚方市黄金野1丁目3−51","18854.47","1.885","○","","","","1","","","","","","","","1","1","","","","1","1","16","","","","15","0","0","0","0","0","0","15","",""
"77","桜丘公園","34.8057919","135.6682901","大阪府枚方市桜丘町45−2","635.53","0.064","","","","","1","","","","","","","","","1","","","","","1","3","1","","","3","0","0","0","0","4","0","7","",""
"78","桜公園","34.79434208","135.6536442","大阪府枚方市宮之下町24−1","6414.12","0.641","","","","","","","1","","","","","1","1","1","","","","","1","10","4","","","56","0","0","0","0","0","0","56","",""
"79","笹谷公園","34.84139938","135.7083187","大阪府枚方市長尾家具町2丁目14","6360.82","0.636","","1","","","1","","","","","","1","1","","1","","","","1","1","7","","","","7","0","0","0","0","4","0","11","",""
"80","蹉跎山公園","34.79091432","135.6438264","大阪府枚方市香里ケ丘8丁目27−7","4137.83","0.414","","","","1","1","","","1","","","","1","","1","","","","","1","10","","","","5","0","0","2","0","0","0","7","",""
"81","さつき丘北公園","34.80355485","135.6479253","大阪府枚方市山之上西町6−34","3056.78","0.306","","","","1","1","","","","","","1","1","","1","","","","","1","7","","","","22","0","0","0","0","0","0","22","ヤエザクラ",""
"82","さつき丘中央公園","34.80176061","135.6485058","大阪府枚方市山之上西町16−22","1104.97","0.11","","","1","","1","","","","","","","","","1","","","","","1","7","","","","1","0","0","0","0","0","0","1","",""
"83","さつき丘南公園","34.80006351","135.6472115","大阪府枚方市山之上5丁目37−1","1511.50","0.151","","","","","","","","","","","","","1","1","","","","","1","5","","","","9","0","0","0","0","0","0","9","",""
"84","獅子口公園","34.83659713","135.706208","大阪府枚方市長尾家具町4丁目15−20","3346.51","0.335","","","","1","1","","","","","","","1","","1","","","2","1","1","4","","","","9","0","0","0","0","0","0","9","",""
"85","鏡伝池緑地（市民の森）","34.8654391","135.6898442","大阪府枚方市楠葉丘2丁目10−1","28315.00","2.832","○","","","","","","1","","","","","","1","1","","","","2","1","17","1","","2","50","1","0","0","0","0","3","54","サトザクラ,淡墨桜",""
"86","下田公園","34.85695536","135.6800293","大阪府枚方市楠葉並木1丁目14−33","1038.10","0.104","","1","","","","","","","","","","","","1","","","","1","","2","","","","2","0","0","0","0","0","0","2","",""
"87","神社公園","34.86709112","135.6896299","大阪府枚方市楠葉丘2丁目18−1","1127.47","0.113","","","","","","","","","","","","","","","","","","1","","3","","","","17","0","0","0","0","0","0","17","",""
"88","翠香園ふれあい公園","34.79981071","135.6367234","大阪府枚方市翠香園町8−5","6809.94","0.681","","1","","","1","","1","","","","","","1","1","1","1","","1","2","14","2","","","12","0","0","0","0","0","1","13","",""
"89","スーパーバンク伊加賀公園","34.80742762","135.6241999","大阪府枚方市伊加賀西町1−1","1640.00","0.164","","","","","","","","","","","","","","","","","","","1","2","","","","","","","","","","","","",""
"90","末広公園","34.79405582","135.6442479","大阪府枚方市香里ケ丘8丁目11−31","2860.69","0.286","","1","","","1","","","","","","","1","","1","","","","","1","2","","","","2","0","4","0","0","0","3","9","ハクサンオオデマリ",""
"91","杉山手北公園","34.8163286","135.7243308","大阪府枚方市杉山手3丁目32−16","807.96","0.081","","1","","","1","","","","","","1","","","","","","","","","12","","","","2","0","0","0","0","0","0","2","",""
"92","杉山手中央公園","34.81548027","135.7230984","大阪府枚方市杉山手3丁目36−39","1406.66","0.141","","","","","","","1","","","","","","1","","","","","","1","3","","","","","","","","","","","","",""
"93","杉山手西公園","34.81884722","135.7219993","大阪府枚方市杉山手1丁目32−1","944.31","0.094","","1","","","1","","","","","","","","","1","1","","","","1","3","","","","","","","","","","","","",""
"94","杉山手南公園","34.81460602","135.7224329","大阪府枚方市杉山手3丁目15−16","1500.00","0.15","","","","1","1","","","","","","","1","","1","1","","","","1","11","","","","4","0","0","0","0","0","0","4","",""
"95","須山中央公園","34.82151374","135.67175","大阪府枚方市須山町18−15","909.78","0.091","","","","1","1","","","","","","","","","1","","","","","1","5","","","","14","0","0","0","0","0","0","14","",""
"96","須山公園","34.82152014","135.6717505","大阪府枚方市須山町18−15","1201.22","0.12","","2","","","1","","","1","","","","1","","","1","","","","1","5","","","","0","0","0","0","1","0","0","1","",""
"97","創造の森","34.79046992","135.6370984","大阪府枚方市香里園山之手町49−5","4584.11","0.458","","","","","","","","","","","","","","","","","","","","2","","","","10","0","0","1","0","0","0","11","",""
"98","宗谷公園","34.79770293","135.7369251","大阪府枚方市宗谷2丁目17−9","1141.75","0.114","","","","","1","","1","","","","","","","1","","","1","","1","9","","","","","","","","","","","","",""
"99","宗谷・穂谷防災公園","34.79588538","135.7347132","大阪府枚方市宗谷2丁目29−1","464.18","0.046","","","","","","","","","","","","","","","","","","","","","","","","","","","","","","","","","○"
"100","尊延寺公園","34.80011737","135.7281665","大阪府枚方市尊延寺5丁目45−9","935.63","0.094","","1","","","1","","1","","","","","","","1","","","","","1","13","1","","","","","","","","","","","",""
"101","空見の丘公園","34.80397124","135.7118159","大阪府枚方市津田山手2丁目2−20","10400.06","1.04","○","","","","","","","","","","","","","","","","","","1","6","2","","","8","12","0","0","0","16","1","37","","○"
"102","代々池公園","34.80927752","135.6941401","大阪府枚方市野村中町25−16","1723.57","0.172","","","","1","2","","","","","","","1","","1","","","","","1","3","","","","5","0","0","0","0","0","0","5","",""
"103","高塚町北公園","34.80736327","135.6427766","大阪府枚方市高塚町21−27","856.76","0.086","","","","","","","","","","","","","","","","","","","1","4","","","","8","0","0","0","0","0","0","8","",""
"104","高塚町中央公園","34.80652272","135.643109","大阪府枚方市高塚町21−20","896.85","0.09","","1","","","","","","","","","","","1","","","","","","1","3","","","","0","0","0","0","0","6","0","6","",""
"105","津田駅前東公園","34.80028181","135.6994434","大阪府枚方市津田駅前2丁目25−5","2821.82","0.282","","","","","","","","","","","","","1","","","6","","","1","11","1","","","0","0","0","1","0","2","2","5","エドヒガン",""
"106","津田南町西公園","34.80024883","135.7021834","大阪府枚方市津田南町1丁目21−10","622.09","0.062","","1","","","1","","","","","","","","","1","","","","","1","4","","","","0","0","0","0","0","0","2","2","エドヒガン",""
"107","津田南町東公園","34.7998359","135.7054686","大阪府枚方市津田南町1丁目36−3","556","0.056","","1","","","1","","1","","","","","","","1","","","1","","1","5","","","","5","0","0","0","0","0","0","5","",""
"108","出口北公園","34.80322447","135.6209232","大阪府枚方市出口2丁目27−10","1391.98","0.139","","","","1","","","","","","","","1","1","1","","","1","","1","5","","","","2","0","0","0","0","0","0","2","",""
"109","出口西公園","34.80217933","135.6208361","大阪府枚方市出口6丁目1","983.58","0.098","","","","1","1","","","3","","","","","","1","","","","","1","3","","","","17","0","0","0","0","0","0","17","",""
"110","出口ふれあい公園","34.80307135","135.6267714","大阪府枚方市出口2丁目1−16","6461.47","0.646","","1","","","1","","","1","","","","","","1","2","","","1","2","24","1","","","14","2","0","0","0","0","2","18","ヤエザクラ",""
"111","天満公園","34.86665552","135.6913309","大阪府枚方市楠葉丘2丁目13","6714.47","0.671","","","","1","1","1","1","","","","","","","","","","2","1","1","6","","","","8","0","0","0","0","0","1","9","ヤエザクラ",""
"112","東部公園","34.80132991","135.745787","大阪府枚方市尊延寺（大字）2987","34000","3.4","","","","","","","","","","","","","2","","","7","","2","","","3","1","","0","0","0","0","0","0","65","65","","○"
"113","堂ノ背公園","34.80974314","135.7196995","大阪府枚方市杉1丁目31−1","6193.81","0.619","","1","","","1","","1","","","","","","","1","","","","1","1","5","1","","","21","0","0","5","0","0","0","26","","○"
"114","堂山公園","34.81767611","135.6704285","大阪府枚方市堂山1丁目22−4","16876.91","1.688","○","","","1","1","","","1","","","","","","1","","","3","1","1","32","3","","","30","0","0","0","0","0","0","30","",""
"115","長尾大池公園","34.82556246","135.7162333","大阪府枚方市長尾東町1丁目33−5","589.69","0.059","","","","1","1","","","","","","","","","","","","","","1","2","","","","3","0","0","0","0","0","0","3","",""
"116","長尾台大谷公園","34.81681039","135.7171059","大阪府枚方市長尾台3丁目28−26","3010.26","0.301","","","","1","1","","","","","","","","","1","","","","","","5","","","","1","0","0","0","0","0","2","3","ヤエザクラ",""
"117","長尾台亀谷公園","34.82055121","135.7205302","大阪府枚方市長尾台4丁目12−5","1516.05","0.152","","","","","","","","","","","","","","","","","","","","","","","","2","0","0","0","0","1","0","3","",""
"118","長尾台北公園","34.82117389","135.7168685","大阪府枚方市長尾台1丁目6−17","1031.69","0.103","","","","1","1","","","","1","","","","","1","","","","","1","2","","","","13","0","0","0","0","3","0","16","",""
"119","長尾台東公園","34.81940465","135.7182962","大阪府枚方市長尾台2丁目22−7","1044.52","0.104","","","","1","1","","","1","","","","","","1","","","","","1","3","","","","0","0","0","0","0","0","4","4","ヤエザクラ",""
"120","長尾台南公園","34.81842135","135.7166268","大阪府枚方市長尾台2丁目6−3","1045.85","0.105","","","","1","1","","1","","","","","1","","1","","","","","1","7","","","","4","0","0","0","0","3","0","7","",""
"121","長尾谷町公園","34.82420175","135.7027031","大阪府枚方市長尾谷町3丁目20−8","1130.56","0.113","","1","","","1","","1","","","","1","","","1","","","","","1","1","","","","16","0","0","0","0","0","0","16","",""
"122","長尾西町公園","34.83162137","135.6995521","大阪府枚方市長尾西町1丁目4−39","714.92","0.071","","1","","","1","","","","","","1","","","1","","","","","1","4","","","","","","","","","","","","",""
"123","長尾東公園","34.82541546","135.7227147","大阪府枚方市長尾東町3丁目18−17","524.41","0.052","","","","","","","","","","","","","1","","","","","","1","5","1","","","","","","","","","","","",""
"124","長尾元町公園","34.83019936","135.706721","大阪府枚方市長尾元町3丁目57−32","1640.54","0.164","","","","1","1","","","1","","","1","","","1","","2","3","","1","7","","","","","","","","","","","","",""
"125","中の池公園","34.8476097","135.6902535","大阪府枚方市東山2丁目45","40071.87","4.007","○","","","1","1","","","","","","1","","","1","","","","1","1","7","1","1","","27","6","1","0","0","0","3","37","オオヤマザクラ",""
"126","中の谷公園","34.85045399","135.6901284","大阪府枚方市東山1丁目41−6","2449.28","0.245","","","","1","1","","","","","","","1","","1","","","","","1","7","","","","","","","","","","","","",""
"127","中振中央公園","34.79424459","135.6353977","大阪府枚方市南中振1丁目41−2","1200.00","0.12","","1","","","1","","1","","","","","","","1","","","","","","2","","","","11","0","0","0","0","0","1","12","",""
"128","中宮公園","34.81915085","135.6657927","大阪府枚方市中宮東之町39−11","2122.95","0.212","","2","","","1","","","","","","","","","1","","","","","1","6","","","","0","0","0","0","0","0","2","2","サトザクラ",""
"129","渚栄公園","34.83549093","135.6603861","大阪府枚方市渚栄町27−12","540.51","0.054","","","","","","","","","","","","","1","1","","","","","1","3","","","","2","0","0","0","0","0","0","2","",""
"130","渚西公園","34.83344871","135.6526486","大阪府枚方市渚西3丁目25−1","1823.35","0.182","","","","","1","","","","","","","","","1","","","","","1","6","1","","","4","0","0","0","0","0","0","4","",""
"131","渚東公園","34.83248629","135.6624303","大阪府枚方市渚東町30−12","827.96","0.083","","","","1","1","","","","","","","","","1","","","","","1","5","","","","5","0","0","0","0","1","0","6","",""
"132","渚公園","34.83296581","135.6609901","大阪府枚方市渚栄町6−27","1162.86","0.116","","1","","","1","","","","","","","","","1","","","","","1","4","","","","10","0","0","0","0","0","0","10","",""
"133","茄子作北公園","34.7898576","135.6629785","大阪府枚方市茄子作北町48−8","1146.00","0.115","","","","","","","","","","","","","1","1","1","","","","1","4","1","","","16","0","0","0","0","0","0","16","",""
"134","茄子作東公園","34.78502689","135.6699364","大阪府枚方市茄子作東町24−18","516","0.052","","","","","1","","","1","","","","1","","","","","","","1","3","","","","3","0","0","0","0","0","0","3","",""
"135","茄子作南公園","34.78224901","135.6680511","大阪府枚方市茄子作4丁目49−10","1346.13","0.135","","1","","","1","","","1","","","","","","1","1","","","","1","2","","","","2","0","0","0","0","0","0","2","",""
"136","七ツ松公園","34.85898088","135.6862426","大阪府枚方市楠葉朝日2丁目15−13","933.34","0.093","","","","","","","","","","","","","","","","","","","","","","","","","","","","","","","","",""
"137","西禁野公園","34.8206366","135.6531228","大阪府枚方市西禁野2丁目32−10","813.93","0.081","","1","","","","","","1","","","","","","1","","","","","1","3","1","","","","","","","","","","","",""
"138","西牧野公園","34.84547881","135.6625756","大阪府枚方市西牧野4丁目4−48","613.55","0.061","","","","","","","","","","","","","2","","","","","","1","6","1","","","1","0","0","0","0","0","0","1","",""
"139","二の宮公園","34.85377237","135.6811377","大阪府枚方市船橋本町1丁目712−2","2654.36","0.265","","","","1","1","","","","","","","1","","1","","","2","1","1","7","","","","7","0","0","0","0","1","0","8","",""
"140","登公園","34.86877806","135.687444","大阪府枚方市楠葉野田3丁目37−32","859.21","0.086","","","","1","1","","","","","","","","","1","","","","","1","2","","","","9","0","0","0","0","0","0","9","",""
"141","走谷公園","34.80143272","135.6327459","大阪府枚方市走谷2丁目25−1","979","0.098","","","","1","1","","","","","","","1","","","","","","","1","4","","","","","","","","","","","","",""
"142","花見の丘公園","34.81004985","135.7072681","大阪府枚方市津田山手1丁目3−14","1600.26","0.16","","","","","","","","","","","","","","","","","","","","7","","","","11","0","0","0","0","1","0","12","サトザクラ",""
"143","日置公園","34.83060766","135.6857577","大阪府枚方市招提南町3丁目9−5","4742.42","0.474","","","","1","","","","","","","","","","","1","2","","1","1","11","","","","1","0","0","0","0","0","0","1","",""
"144","東香里南町公園","34.77531117","135.655653","大阪府枚方市東香里南町1","510","0.051","","","","","","","","","","","","","","","","","","","","","","","","0","0","0","0","0","0","0","0","",""
"145","東香里公園","34.78399054","135.6530722","大阪府枚方市東香里3丁目29−12","2866.45","0.287","","","","1","","","","1","","","","2","1","1","","","","","1","10","","","","9","0","0","0","0","0","0","9","ハクサンオオデマリ",""
"146","東長尾公園","34.82472511","135.7224315","大阪府枚方市長尾東町3丁目30−15","1187.32","0.119","","","","","1","","","","","","","","","1","","","","","","1","","","","2","0","0","0","0","0","0","2","",""
"147","東中振北公園","34.7986849","135.6432507","大阪府枚方市東中振1丁目23−1","501.8","0.05","","","","","1","","","1","1","","","1","","1","","","","","1","2","","","","4","0","0","0","0","0","0","4","",""
"148","東中振中央公園","34.79745433","135.6410161","大阪府枚方市東中振1丁目19−35","2138.29","0.214","","","","1","1","","","","","","","","","1","1","","","1","1","8","","","","6","0","0","0","0","0","0","6","",""
"149","東中振西公園","34.79678372","135.63883","大阪府枚方市東中振1丁目18−21","886.07","0.089","","1","","","1","","","","","","","1","","1","1","","","","1","7","","","","3","0","0","0","0","0","0","3","",""
"150","東中振南公園","34.79726142","135.6437264","大阪府枚方市東中振1丁目32−12","504.95","0.05","","","","","","","","","1","","","1","","1","","","","","1","2","","","","5","0","0","0","0","0","0","5","",""
"151","東山公園","34.85429067","135.6908052","大阪府枚方市楠葉面取町2丁目5−18","667.81","0.067","","","","","","","","","","","","","1","2","","","","","","7","","","","0","0","0","0","0","6","0","6","",""
"152","氷室台西公園","34.81019467","135.7272822","大阪府枚方市氷室台1丁目7−1","1363.87","0.136","","1","","","1","","","","","","","","","1","","","1","","","10","","","","","","","","","","","","",""
"153","氷室台南公園","34.80822906","135.7317298","大阪府枚方市氷室台1丁目34−7","3253.96","0.325","","1","","","3","","","1","","","","1","","1","","","2","","1","15","","","","16","0","0","0","0","0","0","16","",""
"154","平野公園","34.83570478","135.6803187","大阪府枚方市招提中町1丁目44−18","1123.23","0.112","","","","","","","","","","","","","1","1","","","","1","1","4","","","","0","0","0","0","0","0","3","3","サトザクラ",""
"155","藤阪西公園","34.82124841","135.6978007","大阪府枚方市藤阪西町1−4","1088.61","0.109","","","","1","","","","1","","","","","1","","1","","","","1","14","","","","7","0","0","0","0","0","0","7","",""
"156","藤阪東町北公園","34.81983168","135.7139996","大阪府枚方市藤阪東町3丁目4−3","628.78","0.063","","","","","","","","","","","","","","","","","","","","","","","","2","0","0","0","0","0","0","2","",""
"157","藤阪東町中央公園","34.82085201","135.7112187","大阪府枚方市藤阪東町1丁目","4400.01","0.44","","","","","","","","","","","","","","","","","","","","","","","","","","","","","","","","",""
"158","藤阪東町南公園","34.81877605","135.714484","大阪府枚方市藤阪東町3丁目9−7","1027.60","0.103","","","","","","","","","","","","","","","","","","","","","","","","13","0","0","0","0","3","0","16","",""
"159","藤阪東公園","34.82056515","135.700325","大阪府枚方市藤阪西町6−52","2137.33","0.214","","","","","","","","","","","","","","","","","","","1","6","","","","0","10","0","0","0","0","0","10","",""
"160","藤阪宮山公園","34.81626579","135.7090857","大阪府枚方市藤阪天神町19−9","1712.53","0.171","","","","","","","","","","","","","","","","","","","","","","","","","","","","","","","","",""
"161","藤阪公園","34.82074563","135.7029319","大阪府枚方市藤阪元町3丁目18−2","806.61","0.081","","1","","","1","","1","","","","","","","1","","","","","1","4","","","","4","0","0","0","0","0","1","5","ヤエザクラ",""
"162","武生田公園","34.79861741","135.7263033","大阪府枚方市尊延寺5丁目52−4","3100.00","0.31","","","","1","1","","","1","","","","","","1","","","","","","13","","","","9","0","0","0","0","0","0","9","",""
"163","船橋公園","34.85374795","135.6843545","大阪府枚方市東船橋1丁目29−3","2097.98","0.21","","","","1","1","","","","","","","","","1","","","2","","1","7","1","","","3","0","2","0","0","0","0","5","",""
"164","古城公園","34.80242336","135.7059047","大阪府枚方市津田南町2丁目37−1","1578.11","0.158","","1","","","","","","1","","","","1","","","","","","","1","","","","","0","0","0","0","0","9","0","9","",""
"165","坊主池公園","34.80867929","135.6460809","大阪府枚方市岡山手町11−72","7695.90","0.77","","","","","1","","","","","","","1","","1","","","3","","1","14","1","","","0","0","13","0","0","0","3","16","サトザクラ",""
"166","星ケ丘公園","34.80947404","135.6616322","大阪府枚方市星丘2丁目10−37","4472.12","0.447","","1","","","","","","1","","","","","1","1","","7","2","","1","7","1","","","","","","","","","","","",""
"167","穂谷公園","34.79557435","135.7290922","大阪府枚方市穂谷2丁目2−22","1236.65","0.124","","1","","","","","","","","","","","","","","","","1","","3","1","","","","","","","","","","","",""
"168","牧野公園","34.84212578","135.6685253","大阪府枚方市牧野阪2丁目15","10747.33","1.075","○","","","1","1","","","","","","","1","1","2","","","3","2","1","15","","","","30","2","0","4","0","0","9","45","ヤエザクラ",""
"169","松美ヶ丘公園","34.83326691","135.7027577","大阪府枚方市長尾西町3丁目10−3","521","0.052","","","","","","","","","","","","","1","","","","","","1","3","1","","","","","","","","","","","",""
"170","三矢公園","34.81479311","135.6421697","大阪府枚方市三矢町6−10","819.57","0.082","","","","","","","","","","","","","1","","","2","","1","1","1","1","","","3","0","0","1","0","0","0","4","",""
"171","南谷公園","34.79030352","135.6466116","大阪府枚方市香里ケ丘8丁目21−10","3280.70","0.328","","","","1","","","","","","","","1","","","","","","","1","5","","","","","","","","","","","","",""
"172","南中振公園","34.79392268","135.6291359","大阪府枚方市南中振2丁目4−7","2542.97","0.254","","1","","","1","","","","","","","","","","","3","","","1","6","","","","9","1","4","0","0","0","5","19","サトザクラ",""
"173","南船橋公園","34.84970074","135.6821628","大阪府枚方市南船橋2丁目15−14","801.51","0.08","","1","","","","","","","","","","","1","1","","","","","1","5","","","","8","0","0","0","0","0","0","8","",""
"174","宮之阪東公園","34.81177417","135.6621127","大阪府枚方市宮之阪4丁目18−22","1353.60","0.135","","1","","","1","","","","","","","","","1","","","","","1","4","1","","","0","0","0","0","0","0","0","0","",""
"175","宮之阪公園","34.81271026","135.6583408","大阪府枚方市宮之阪3丁目12−1","555.49","0.056","","1","","","1","","1","","","","","1","","1","","","","","1","2","","","","","","","","","","","","",""
"176","村野西町公園","34.80013181","135.6619041","大阪府枚方市村野西町4","951.61","0.095","","1","","","1","","","1","","","","","","1","","","","","","4","","","","3","0","0","0","0","0","0","3","",""
"177","村野東町公園","34.80030468","135.6705973","大阪府枚方市村野東町27−7","490.44","0.049","","1","","","1","","","1","","","","","","","","","","","1","3","","","","","","","","","","","","",""
"178","村野南町公園","34.79900666","135.6626041","大阪府枚方市村野南町","3161.18","0.316","","","","","","","","1","","","","","1","1","","","","","1","4","","","","0","0","0","0","0","0","0","0","",""
"179","村野公園","34.80296253","135.6655698","大阪府枚方市村野本町9−2","1095.00","0.11","","","","1","1","","","","","","","1","","","","","","","","3","","","","15","0","0","0","0","0","0","15","",""
"180","三栗東公園","34.83579199","135.6598676","大阪府枚方市三栗1丁目17−20","809.49","0.081","","","","1","1","","","1","","","","","","1","","","","","1","4","","","","2","0","0","0","0","0","0","2","",""
"181","三栗南公園","34.83487289","135.6574727","大阪府枚方市三栗1丁目24−12","498.43","0.05","","","","1","1","","","","","","","","","1","","","","","1","3","","","","","","","","","","","","",""
"182","面取公園","34.85621427","135.6850233","大阪府枚方市楠葉朝日1丁目15−6","1038.76","0.104","","","","1","1","","","","","","","","","1","","","","","1","6","","","","","","","","","","","","",""
"183","薬師谷公園","34.82787843","135.7034306","大阪府枚方市長尾西町1丁目30−29","6513.00","0.651","","","","1","1","","","","","","","","","1","","","2","","1","3","","","","4","0","0","0","0","5","0","9","",""
"184","養父東公園","34.84568942","135.675069","大阪府枚方市養父東町5−1","3068.00","0.307","","","","1","1","","","","","","","","","1","","","","1","1","2","","","","3","0","0","0","0","0","0","3","",""
"185","養父元町公園","34.84909291","135.6719119","大阪府枚方市養父元町46−1","2661.05","0.266","","","","","","","","","","","","","1","1","","","","","1","12","1","","","0","2","0","0","0","0","0","2","",""
"186","山原公園","34.85201111","135.6874211","大阪府枚方市東船橋2丁目109−19","1415.24","0.142","","","","1","","","","","","","","","","1","","","","","1","2","1","","","6","0","0","0","0","0","0","6","",""
"187","淀見公園","34.79316149","135.6431202","大阪府枚方市香里ケ丘8丁目5","5426.24","0.543","","","","1","1","","","1","","","","1","","1","","","","","1","16","","","","52","0","0","0","0","0","7","59","",""
"188","らんぱん公園","34.84064134","135.6662145","大阪府枚方市牧野阪3丁目5−10","629","0.063","","","","","","","","","","","","","","","","","","","1","1","1","","","0","0","0","0","0","0","2","2","サトザクラ",""
"189","六反町公園","34.86080303","135.6866342","大阪府枚方市楠葉朝日3丁目7−10","1033.05","0.103","","1","","","1","","","1","","","","","","1","","","","","1","3","","","","","","","","","","","","",""
"190","わさ谷公園","34.7992363","135.6398789","大阪府枚方市東中振1丁目15−7","583.98","0.058","","1","","","1","","","","","","","","","1","","","","","1","4","","","","","","","","","","","","",""
"191","王仁公園","34.81796782","135.7069757","大阪府枚方市王仁公園1−1","92940.00","9.294","○","1","","","1","","1","","","","1","","","1","1","","","2","3","108","5","2","","267","21","10","2","0","64","65","429","ヤエベニシダレ",""
"192","藤阪北町西公園","34.82401603","135.7031792","大阪府枚方市藤阪北町1−7","","","","","","","1","","","1","","","","","","","","","","","","","","","","3","0","0","0","0","0","0","3","",""
"193","藤阪北町公園","34.82349736","135.7049549","大阪府枚方市藤阪北町4−13","","","","1","","","1","","","1","","","1","1","","1","","","","","","4","","","","4","0","0","0","0","0","0","4","",""
"194","北谷川緑地","34.82384639","135.7012825","大阪府枚方市長尾谷町3丁目10−1","","","","","","","","","","","","","","","","","","","","","","3","1","","","11","0","0","0","0","0","0","11","",""
"195","日置台緑地","34.83053099","135.6875657","大阪府枚方市招提南町3丁目23−10","","","","","","","","","","","","","","","","","","","","1","","10","","","","9","0","0","0","0","0","0","9","",""
"196","山之上北町公園","34.80419569","135.6494206","大阪府枚方市山之上西町5−12","","","","1","","1","1","","","1","","","","","","1","","","1","","","3","","","","","","","","","","","","",""
"197","伊加賀西町北公園","34.80704978","135.6252373","大阪府枚方市伊加賀西町55−18","","","","1","","","1","","","","","","","","","1","","","","","1","6","2","","","","","","","","","","","",""
"198","伊加賀西町東公園","34.80651338","135.6301376","大阪府枚方市伊加賀西町71","","","","1","","","1","","","","","","","","","1","","","","","1","5","","","","","","","","","","","","",""
"199","伊加賀西町南公園","34.80489099","135.6239008","大阪府枚方市伊加賀西町45−22","","","","","","1","","","","","","","","","1","1","","","","","1","7","2","","","2","0","0","0","0","0","0","2","",""
"200","伊加賀西町公園","34.80954097","135.6298305","大阪府枚方市伊加賀西町30−40","","","","","","1","1","","","","","","","","","1","","","","","1","6","2","","","7","0","0","0","0","0","1","8","",""
